algorithm,iter,best_primary_cost_mean,best_primary_cost_std,n
F-LCA,1,1513.889443164113,75.98410153618255,20
F-LCA,2,1505.7605337997898,83.15823615308662,20
F-LCA,3,1503.559444236267,82.56483170984478,20
F-LCA,4,1503.559444236267,82.56483170984478,20
F-LCA,5,1498.0712894676533,82.89474972856426,20
F-LCA,6,1498.0712894676533,82.89474972856426,20
F-LCA,7,1492.608870733619,85.48815628323378,20
F-LCA,8,1488.265622508885,81.51461732700965,20
F-LCA,9,1488.2410494087655,81.50957344273785,20
F-LCA,10,1488.2410494087655,81.50957344273785,20
F-LCA,11,1487.946027661062,81.10748990833503,20
F-LCA,12,1487.946027661062,81.10748990833503,20
F-LCA,13,1483.0167094360652,75.98900317341467,20
F-LCA,14,1483.0167094360652,75.98900317341467,20
F-LCA,15,1483.0167094360652,75.98900317341467,20
F-LCA,16,1483.0167094360652,75.98900317341467,20
F-LCA,17,1483.0167094360652,75.98900317341467,20
F-LCA,18,1483.0167094360652,75.98900317341467,20
F-LCA,19,1483.0167094360652,75.98900317341467,20
F-LCA,20,1482.6442267209134,76.1182711679711,20
F-LCA,21,1482.6442267209134,76.1182711679711,20
F-LCA,22,1482.6442267209134,76.1182711679711,20
F-LCA,23,1482.6442267209134,76.1182711679711,20
F-LCA,24,1482.6442267209134,76.1182711679711,20
F-LCA,25,1480.3076688944968,75.59410414735392,20
F-LCA,26,1480.3076688944968,75.59410414735392,20
F-LCA,27,1480.3076688944968,75.59410414735392,20
F-LCA,28,1480.3076688944968,75.59410414735392,20
F-LCA,29,1480.3076688944968,75.59410414735392,20
F-LCA,30,1480.3076688944968,75.59410414735392,20
F-LCA,31,1477.3609961048692,74.34824450187753,20
F-LCA,32,1477.3609961048692,74.34824450187753,20
F-LCA,33,1477.3609961048692,74.34824450187753,20
F-LCA,34,1477.3609961048692,74.34824450187753,20
F-LCA,35,1477.3609961048692,74.34824450187753,20
F-LCA,36,1477.3609961048692,74.34824450187753,20
F-LCA,37,1477.3609961048692,74.34824450187753,20
F-LCA,38,1474.811547450396,71.06934210941195,20
F-LCA,39,1472.0876416866845,64.91091460483636,20
F-LCA,40,1472.0876416866845,64.91091460483636,20
F-LCA,41,1472.0876416866845,64.91091460483636,20
F-LCA,42,1472.0876416866845,64.91091460483636,20
F-LCA,43,1472.0876416866845,64.91091460483636,20
F-LCA,44,1472.0876416866845,64.91091460483636,20
F-LCA,45,1472.0876416866845,64.91091460483636,20
F-LCA,46,1472.0876416866845,64.91091460483636,20
F-LCA,47,1472.0876416866845,64.91091460483636,20
F-LCA,48,1472.0876416866845,64.91091460483636,20
F-LCA,49,1472.0876416866845,64.91091460483636,20
F-LCA,50,1469.9146889640426,64.16872147893335,20
F-LCA,51,1469.9146889640426,64.16872147893335,20
F-LCA,52,1469.9146889640426,64.16872147893335,20
F-LCA,53,1469.9146889640426,64.16872147893335,20
F-LCA,54,1469.9146889640426,64.16872147893335,20
F-LCA,55,1469.9146889640426,64.16872147893335,20
F-LCA,56,1469.9146889640426,64.16872147893335,20
F-LCA,57,1469.9146889640426,64.16872147893335,20
F-LCA,58,1469.9146889640426,64.16872147893335,20
F-LCA,59,1469.9146889640426,64.16872147893335,20
F-LCA,60,1469.9146889640426,64.16872147893335,20
F-LCA,61,1469.9146889640426,64.16872147893335,20
F-LCA,62,1469.9146889640426,64.16872147893335,20
F-LCA,63,1469.9146889640426,64.16872147893335,20
F-LCA,64,1467.2978049221276,65.2145652590128,20
F-LCA,65,1467.2978049221276,65.2145652590128,20
F-LCA,66,1467.2978049221276,65.2145652590128,20
F-LCA,67,1467.2978049221276,65.2145652590128,20
F-LCA,68,1467.2978049221276,65.2145652590128,20
F-LCA,69,1467.2978049221276,65.2145652590128,20
F-LCA,70,1467.2978049221276,65.2145652590128,20
F-LCA,71,1467.2978049221276,65.2145652590128,20
F-LCA,72,1467.2978049221276,65.2145652590128,20
F-LCA,73,1467.2978049221276,65.2145652590128,20
F-LCA,74,1467.2978049221276,65.2145652590128,20
F-LCA,75,1467.2978049221276,65.2145652590128,20
F-LCA,76,1467.2978049221276,65.2145652590128,20
F-LCA,77,1467.2978049221276,65.2145652590128,20
F-LCA,78,1467.2978049221276,65.2145652590128,20
F-LCA,79,1467.2978049221276,65.2145652590128,20
F-LCA,80,1463.6938571835894,59.70529635363394,20
F-LCA,81,1463.6938571835894,59.70529635363394,20
F-LCA,82,1463.6938571835894,59.70529635363394,20
F-LCA,83,1463.6938571835894,59.70529635363394,20
F-LCA,84,1463.6938571835894,59.70529635363394,20
F-LCA,85,1463.6938571835894,59.70529635363394,20
F-LCA,86,1463.6938571835894,59.70529635363394,20
F-LCA,87,1463.6938571835894,59.70529635363394,20
F-LCA,88,1463.6938571835894,59.70529635363394,20
F-LCA,89,1463.6938571835894,59.70529635363394,20
F-LCA,90,1463.6938571835894,59.70529635363394,20
F-LCA,91,1463.6938571835894,59.70529635363394,20
F-LCA,92,1463.6938571835894,59.70529635363394,20
F-LCA,93,1463.6938571835894,59.70529635363394,20
F-LCA,94,1463.6938571835894,59.70529635363394,20
F-LCA,95,1463.6938571835894,59.70529635363394,20
F-LCA,96,1463.6938571835894,59.70529635363394,20
F-LCA,97,1463.6938571835894,59.70529635363394,20
F-LCA,98,1463.6938571835894,59.70529635363394,20
F-LCA,99,1462.2627446562497,61.18600660376438,20
F-LCA,100,1461.039508112571,61.06810401324391,20
F-LCA,101,1461.039508112571,61.06810401324391,20
F-LCA,102,1461.039508112571,61.06810401324391,20
F-LCA,103,1461.039508112571,61.06810401324391,20
F-LCA,104,1461.039508112571,61.06810401324391,20
F-LCA,105,1461.039508112571,61.06810401324391,20
F-LCA,106,1461.039508112571,61.06810401324391,20
F-LCA,107,1461.039508112571,61.06810401324391,20
F-LCA,108,1461.039508112571,61.06810401324391,20
F-LCA,109,1461.039508112571,61.06810401324391,20
F-LCA,110,1461.039508112571,61.06810401324391,20
F-LCA,111,1461.039508112571,61.06810401324391,20
F-LCA,112,1461.039508112571,61.06810401324391,20
F-LCA,113,1461.039508112571,61.06810401324391,20
F-LCA,114,1461.039508112571,61.06810401324391,20
F-LCA,115,1461.039508112571,61.06810401324391,20
F-LCA,116,1461.039508112571,61.06810401324391,20
F-LCA,117,1461.039508112571,61.06810401324391,20
F-LCA,118,1461.039508112571,61.06810401324391,20
F-LCA,119,1461.039508112571,61.06810401324391,20
F-LCA,120,1461.039508112571,61.06810401324391,20
F-LCA,121,1461.039508112571,61.06810401324391,20
F-LCA,122,1461.039508112571,61.06810401324391,20
F-LCA,123,1461.039508112571,61.06810401324391,20
F-LCA,124,1461.039508112571,61.06810401324391,20
F-LCA,125,1461.039508112571,61.06810401324391,20
F-LCA,126,1461.039508112571,61.06810401324391,20
F-LCA,127,1461.039508112571,61.06810401324391,20
F-LCA,128,1461.039508112571,61.06810401324391,20
F-LCA,129,1461.039508112571,61.06810401324391,20
F-LCA,130,1461.039508112571,61.06810401324391,20
F-LCA,131,1461.039508112571,61.06810401324391,20
F-LCA,132,1461.039508112571,61.06810401324391,20
F-LCA,133,1461.039508112571,61.06810401324391,20
F-LCA,134,1461.039508112571,61.06810401324391,20
F-LCA,135,1461.039508112571,61.06810401324391,20
F-LCA,136,1461.039508112571,61.06810401324391,20
F-LCA,137,1461.039508112571,61.06810401324391,20
F-LCA,138,1461.039508112571,61.06810401324391,20
F-LCA,139,1461.039508112571,61.06810401324391,20
F-LCA,140,1459.2182588028766,61.19557722629024,20
F-LCA,141,1459.2182588028766,61.19557722629024,20
F-LCA,142,1459.2182588028766,61.19557722629024,20
F-LCA,143,1459.2182588028766,61.19557722629024,20
F-LCA,144,1459.2182588028766,61.19557722629024,20
F-LCA,145,1459.2182588028766,61.19557722629024,20
F-LCA,146,1459.2182588028766,61.19557722629024,20
F-LCA,147,1459.2182588028766,61.19557722629024,20
F-LCA,148,1459.2182588028766,61.19557722629024,20
F-LCA,149,1459.2182588028766,61.19557722629024,20
F-LCA,150,1459.2182588028766,61.19557722629024,20
F-LCA,151,1459.2182588028766,61.19557722629024,20
F-LCA,152,1459.2182588028766,61.19557722629024,20
F-LCA,153,1459.2182588028766,61.19557722629024,20
F-LCA,154,1459.2182588028766,61.19557722629024,20
F-LCA,155,1459.2182588028766,61.19557722629024,20
F-LCA,156,1459.2182588028766,61.19557722629024,20
F-LCA,157,1459.2182588028766,61.19557722629024,20
F-LCA,158,1459.2182588028766,61.19557722629024,20
F-LCA,159,1459.2182588028766,61.19557722629024,20
F-LCA,160,1459.2182588028766,61.19557722629024,20
F-LCA,161,1459.2182588028766,61.19557722629024,20
F-LCA,162,1459.2182588028766,61.19557722629024,20
F-LCA,163,1459.2182588028766,61.19557722629024,20
F-LCA,164,1459.2182588028766,61.19557722629024,20
F-LCA,165,1459.2182588028766,61.19557722629024,20
F-LCA,166,1459.2182588028766,61.19557722629024,20
F-LCA,167,1459.2182588028766,61.19557722629024,20
F-LCA,168,1459.2182588028766,61.19557722629024,20
F-LCA,169,1459.2182588028766,61.19557722629024,20
F-LCA,170,1459.2182588028766,61.19557722629024,20
F-LCA,171,1459.2182588028766,61.19557722629024,20
F-LCA,172,1459.2182588028766,61.19557722629024,20
F-LCA,173,1459.2182588028766,61.19557722629024,20
F-LCA,174,1459.2182588028766,61.19557722629024,20
F-LCA,175,1459.2182588028766,61.19557722629024,20
F-LCA,176,1459.2182588028766,61.19557722629024,20
F-LCA,177,1459.2182588028766,61.19557722629024,20
F-LCA,178,1459.2182588028766,61.19557722629024,20
F-LCA,179,1459.2182588028766,61.19557722629024,20
F-LCA,180,1459.2182588028766,61.19557722629024,20
F-LCA,181,1459.2182588028766,61.19557722629024,20
F-LCA,182,1459.2182588028766,61.19557722629024,20
F-LCA,183,1457.58006132096,59.91994243857973,20
F-LCA,184,1457.58006132096,59.91994243857973,20
F-LCA,185,1457.58006132096,59.91994243857973,20
F-LCA,186,1457.58006132096,59.91994243857973,20
F-LCA,187,1457.58006132096,59.91994243857973,20
F-LCA,188,1457.58006132096,59.91994243857973,20
F-LCA,189,1457.58006132096,59.91994243857973,20
F-LCA,190,1457.58006132096,59.91994243857973,20
F-LCA,191,1457.58006132096,59.91994243857973,20
F-LCA,192,1457.58006132096,59.91994243857973,20
F-LCA,193,1457.58006132096,59.91994243857973,20
F-LCA,194,1457.58006132096,59.91994243857973,20
F-LCA,195,1457.58006132096,59.91994243857973,20
F-LCA,196,1457.58006132096,59.91994243857973,20
F-LCA,197,1457.58006132096,59.91994243857973,20
F-LCA,198,1453.9505750572555,59.413430781124354,20
F-LCA,199,1453.9505750572555,59.413430781124354,20
F-LCA,200,1453.9505750572555,59.413430781124354,20
F-LCA,201,1453.9505750572555,59.413430781124354,20
F-LCA,202,1453.9505750572555,59.413430781124354,20
F-LCA,203,1453.9505750572555,59.413430781124354,20
F-LCA,204,1453.9505750572555,59.413430781124354,20
F-LCA,205,1450.4723490027045,57.77896503343942,20
F-LCA,206,1450.4723490027045,57.77896503343942,20
F-LCA,207,1450.4723490027045,57.77896503343942,20
F-LCA,208,1450.4723490027045,57.77896503343942,20
F-LCA,209,1449.751041901128,58.13956875622775,20
F-LCA,210,1449.751041901128,58.13956875622775,20
F-LCA,211,1449.751041901128,58.13956875622775,20
F-LCA,212,1449.751041901128,58.13956875622775,20
F-LCA,213,1449.751041901128,58.13956875622775,20
F-LCA,214,1449.751041901128,58.13956875622775,20
F-LCA,215,1449.751041901128,58.13956875622775,20
F-LCA,216,1449.751041901128,58.13956875622775,20
F-LCA,217,1449.751041901128,58.13956875622775,20
F-LCA,218,1449.751041901128,58.13956875622775,20
F-LCA,219,1449.751041901128,58.13956875622775,20
F-LCA,220,1449.751041901128,58.13956875622775,20
F-LCA,221,1449.751041901128,58.13956875622775,20
F-LCA,222,1449.751041901128,58.13956875622775,20
F-LCA,223,1449.751041901128,58.13956875622775,20
F-LCA,224,1449.751041901128,58.13956875622775,20
F-LCA,225,1449.751041901128,58.13956875622775,20
F-LCA,226,1449.751041901128,58.13956875622775,20
F-LCA,227,1449.751041901128,58.13956875622775,20
F-LCA,228,1449.751041901128,58.13956875622775,20
F-LCA,229,1449.751041901128,58.13956875622775,20
F-LCA,230,1449.751041901128,58.13956875622775,20
F-LCA,231,1449.751041901128,58.13956875622775,20
F-LCA,232,1449.751041901128,58.13956875622775,20
F-LCA,233,1449.751041901128,58.13956875622775,20
F-LCA,234,1449.751041901128,58.13956875622775,20
F-LCA,235,1449.751041901128,58.13956875622775,20
F-LCA,236,1449.751041901128,58.13956875622775,20
F-LCA,237,1449.751041901128,58.13956875622775,20
F-LCA,238,1449.751041901128,58.13956875622775,20
F-LCA,239,1449.751041901128,58.13956875622775,20
F-LCA,240,1449.751041901128,58.13956875622775,20
F-LCA,241,1449.751041901128,58.13956875622775,20
F-LCA,242,1449.751041901128,58.13956875622775,20
F-LCA,243,1449.751041901128,58.13956875622775,20
F-LCA,244,1449.751041901128,58.13956875622775,20
F-LCA,245,1449.751041901128,58.13956875622775,20
F-LCA,246,1449.751041901128,58.13956875622775,20
F-LCA,247,1449.751041901128,58.13956875622775,20
F-LCA,248,1449.751041901128,58.13956875622775,20
F-LCA,249,1449.751041901128,58.13956875622775,20
F-LCA,250,1449.751041901128,58.13956875622775,20
F-LCA,251,1449.751041901128,58.13956875622775,20
F-LCA,252,1449.751041901128,58.13956875622775,20
F-LCA,253,1449.751041901128,58.13956875622775,20
F-LCA,254,1449.6248304395135,58.13027706636868,20
F-LCA,255,1449.6248304395135,58.13027706636868,20
F-LCA,256,1449.6248304395135,58.13027706636868,20
F-LCA,257,1449.6248304395135,58.13027706636868,20
F-LCA,258,1449.6248304395135,58.13027706636868,20
F-LCA,259,1449.6248304395135,58.13027706636868,20
F-LCA,260,1449.6248304395135,58.13027706636868,20
F-LCA,261,1449.6248304395135,58.13027706636868,20
F-LCA,262,1449.6248304395135,58.13027706636868,20
F-LCA,263,1449.6248304395135,58.13027706636868,20
F-LCA,264,1449.6248304395135,58.13027706636868,20
F-LCA,265,1449.6248304395135,58.13027706636868,20
F-LCA,266,1449.6248304395135,58.13027706636868,20
F-LCA,267,1449.6248304395135,58.13027706636868,20
F-LCA,268,1449.6248304395135,58.13027706636868,20
F-LCA,269,1449.6248304395135,58.13027706636868,20
F-LCA,270,1449.6248304395135,58.13027706636868,20
F-LCA,271,1449.6248304395135,58.13027706636868,20
F-LCA,272,1449.6248304395135,58.13027706636868,20
F-LCA,273,1449.6248304395135,58.13027706636868,20
F-LCA,274,1449.6248304395135,58.13027706636868,20
F-LCA,275,1449.6248304395135,58.13027706636868,20
F-LCA,276,1449.6248304395135,58.13027706636868,20
F-LCA,277,1449.6248304395135,58.13027706636868,20
F-LCA,278,1449.6248304395135,58.13027706636868,20
F-LCA,279,1449.6248304395135,58.13027706636868,20
F-LCA,280,1449.6248304395135,58.13027706636868,20
F-LCA,281,1449.6248304395135,58.13027706636868,20
F-LCA,282,1449.6248304395135,58.13027706636868,20
F-LCA,283,1449.6248304395135,58.13027706636868,20
F-LCA,284,1449.6248304395135,58.13027706636868,20
F-LCA,285,1449.6248304395135,58.13027706636868,20
F-LCA,286,1449.6248304395135,58.13027706636868,20
F-LCA,287,1449.6248304395135,58.13027706636868,20
F-LCA,288,1449.6248304395135,58.13027706636868,20
F-LCA,289,1449.6248304395135,58.13027706636868,20
F-LCA,290,1449.6248304395135,58.13027706636868,20
F-LCA,291,1449.6248304395135,58.13027706636868,20
F-LCA,292,1449.6248304395135,58.13027706636868,20
F-LCA,293,1449.6248304395135,58.13027706636868,20
F-LCA,294,1449.6248304395135,58.13027706636868,20
F-LCA,295,1449.6248304395135,58.13027706636868,20
F-LCA,296,1449.6248304395135,58.13027706636868,20
F-LCA,297,1449.6248304395135,58.13027706636868,20
F-LCA,298,1449.6248304395135,58.13027706636868,20
F-LCA,299,1449.6248304395135,58.13027706636868,20
F-LCA,300,1449.6248304395135,58.13027706636868,20
F-LCA,301,1449.6248304395135,58.13027706636868,20
F-LCA,302,1449.6248304395135,58.13027706636868,20
F-LCA,303,1449.6248304395135,58.13027706636868,20
F-LCA,304,1449.6248304395135,58.13027706636868,20
F-LCA,305,1449.6248304395135,58.13027706636868,20
F-LCA,306,1449.6248304395135,58.13027706636868,20
F-LCA,307,1449.6248304395135,58.13027706636868,20
F-LCA,308,1449.6248304395135,58.13027706636868,20
F-LCA,309,1449.6248304395135,58.13027706636868,20
F-LCA,310,1449.6248304395135,58.13027706636868,20
F-LCA,311,1449.6248304395135,58.13027706636868,20
F-LCA,312,1449.6248304395135,58.13027706636868,20
F-LCA,313,1449.6248304395135,58.13027706636868,20
F-LCA,314,1449.6248304395135,58.13027706636868,20
F-LCA,315,1449.6248304395135,58.13027706636868,20
F-LCA,316,1449.6248304395135,58.13027706636868,20
F-LCA,317,1449.6248304395135,58.13027706636868,20
F-LCA,318,1449.6248304395135,58.13027706636868,20
F-LCA,319,1446.718074802888,55.82521363605049,20
F-LCA,320,1446.718074802888,55.82521363605049,20
F-LCA,321,1446.718074802888,55.82521363605049,20
F-LCA,322,1446.718074802888,55.82521363605049,20
F-LCA,323,1446.718074802888,55.82521363605049,20
F-LCA,324,1446.718074802888,55.82521363605049,20
F-LCA,325,1446.718074802888,55.82521363605049,20
F-LCA,326,1446.718074802888,55.82521363605049,20
F-LCA,327,1446.718074802888,55.82521363605049,20
F-LCA,328,1446.718074802888,55.82521363605049,20
F-LCA,329,1446.718074802888,55.82521363605049,20
F-LCA,330,1446.718074802888,55.82521363605049,20
F-LCA,331,1446.718074802888,55.82521363605049,20
F-LCA,332,1446.718074802888,55.82521363605049,20
F-LCA,333,1446.718074802888,55.82521363605049,20
F-LCA,334,1446.718074802888,55.82521363605049,20
F-LCA,335,1446.718074802888,55.82521363605049,20
F-LCA,336,1446.718074802888,55.82521363605049,20
F-LCA,337,1446.718074802888,55.82521363605049,20
F-LCA,338,1446.718074802888,55.82521363605049,20
F-LCA,339,1446.718074802888,55.82521363605049,20
F-LCA,340,1446.718074802888,55.82521363605049,20
F-LCA,341,1446.718074802888,55.82521363605049,20
F-LCA,342,1446.718074802888,55.82521363605049,20
F-LCA,343,1446.718074802888,55.82521363605049,20
F-LCA,344,1446.718074802888,55.82521363605049,20
F-LCA,345,1446.718074802888,55.82521363605049,20
F-LCA,346,1446.718074802888,55.82521363605049,20
F-LCA,347,1446.718074802888,55.82521363605049,20
F-LCA,348,1446.718074802888,55.82521363605049,20
F-LCA,349,1446.718074802888,55.82521363605049,20
F-LCA,350,1446.718074802888,55.82521363605049,20
F-LCA,351,1446.718074802888,55.82521363605049,20
F-LCA,352,1446.718074802888,55.82521363605049,20
F-LCA,353,1446.718074802888,55.82521363605049,20
F-LCA,354,1446.718074802888,55.82521363605049,20
F-LCA,355,1446.718074802888,55.82521363605049,20
F-LCA,356,1446.718074802888,55.82521363605049,20
F-LCA,357,1446.718074802888,55.82521363605049,20
F-LCA,358,1446.718074802888,55.82521363605049,20
F-LCA,359,1446.718074802888,55.82521363605049,20
F-LCA,360,1446.718074802888,55.82521363605049,20
F-LCA,361,1446.718074802888,55.82521363605049,20
F-LCA,362,1446.718074802888,55.82521363605049,20
F-LCA,363,1446.718074802888,55.82521363605049,20
F-LCA,364,1446.718074802888,55.82521363605049,20
F-LCA,365,1446.718074802888,55.82521363605049,20
F-LCA,366,1446.718074802888,55.82521363605049,20
F-LCA,367,1446.718074802888,55.82521363605049,20
F-LCA,368,1446.718074802888,55.82521363605049,20
F-LCA,369,1446.718074802888,55.82521363605049,20
F-LCA,370,1446.718074802888,55.82521363605049,20
F-LCA,371,1446.718074802888,55.82521363605049,20
F-LCA,372,1446.718074802888,55.82521363605049,20
F-LCA,373,1446.718074802888,55.82521363605049,20
F-LCA,374,1446.718074802888,55.82521363605049,20
F-LCA,375,1446.718074802888,55.82521363605049,20
F-LCA,376,1446.718074802888,55.82521363605049,20
F-LCA,377,1446.718074802888,55.82521363605049,20
F-LCA,378,1446.718074802888,55.82521363605049,20
F-LCA,379,1446.718074802888,55.82521363605049,20
F-LCA,380,1443.7780824123272,57.04024758893658,20
F-LCA,381,1443.7780824123272,57.04024758893658,20
F-LCA,382,1443.7780824123272,57.04024758893658,20
F-LCA,383,1443.7780824123272,57.04024758893658,20
F-LCA,384,1443.7780824123272,57.04024758893658,20
F-LCA,385,1443.7780824123272,57.04024758893658,20
F-LCA,386,1443.7780824123272,57.04024758893658,20
F-LCA,387,1443.7780824123272,57.04024758893658,20
F-LCA,388,1443.7780824123272,57.04024758893658,20
F-LCA,389,1443.7780824123272,57.04024758893658,20
F-LCA,390,1443.7780824123272,57.04024758893658,20
F-LCA,391,1443.7780824123272,57.04024758893658,20
F-LCA,392,1443.7780824123272,57.04024758893658,20
F-LCA,393,1443.7780824123272,57.04024758893658,20
F-LCA,394,1443.7780824123272,57.04024758893658,20
F-LCA,395,1443.7780824123272,57.04024758893658,20
F-LCA,396,1443.7780824123272,57.04024758893658,20
F-LCA,397,1443.7780824123272,57.04024758893658,20
F-LCA,398,1443.7780824123272,57.04024758893658,20
F-LCA,399,1443.7780824123272,57.04024758893658,20
F-LCA,400,1443.7780824123272,57.04024758893658,20
F-LCA,401,1443.7780824123272,57.04024758893658,20
F-LCA,402,1442.8441377526376,56.28733268350457,20
F-LCA,403,1442.8441377526376,56.28733268350457,20
F-LCA,404,1442.8441377526376,56.28733268350457,20
F-LCA,405,1442.8441377526376,56.28733268350457,20
F-LCA,406,1442.8441377526376,56.28733268350457,20
F-LCA,407,1442.8441377526376,56.28733268350457,20
F-LCA,408,1442.8441377526376,56.28733268350457,20
F-LCA,409,1442.8441377526376,56.28733268350457,20
F-LCA,410,1442.8441377526376,56.28733268350457,20
F-LCA,411,1442.8441377526376,56.28733268350457,20
F-LCA,412,1442.8441377526376,56.28733268350457,20
F-LCA,413,1442.8441377526376,56.28733268350457,20
F-LCA,414,1442.8441377526376,56.28733268350457,20
F-LCA,415,1442.8441377526376,56.28733268350457,20
F-LCA,416,1442.8441377526376,56.28733268350457,20
F-LCA,417,1442.8441377526376,56.28733268350457,20
F-LCA,418,1442.8441377526376,56.28733268350457,20
F-LCA,419,1442.8441377526376,56.28733268350457,20
F-LCA,420,1442.8441377526376,56.28733268350457,20
F-LCA,421,1442.8441377526376,56.28733268350457,20
F-LCA,422,1442.8441377526376,56.28733268350457,20
F-LCA,423,1442.8441377526376,56.28733268350457,20
F-LCA,424,1442.8441377526376,56.28733268350457,20
F-LCA,425,1442.8441377526376,56.28733268350457,20
F-LCA,426,1442.8441377526376,56.28733268350457,20
F-LCA,427,1442.8441377526376,56.28733268350457,20
F-LCA,428,1442.8441377526376,56.28733268350457,20
F-LCA,429,1442.8441377526376,56.28733268350457,20
F-LCA,430,1442.8441377526376,56.28733268350457,20
F-LCA,431,1442.8441377526376,56.28733268350457,20
F-LCA,432,1442.8441377526376,56.28733268350457,20
F-LCA,433,1442.8441377526376,56.28733268350457,20
F-LCA,434,1442.8441377526376,56.28733268350457,20
F-LCA,435,1442.8441377526376,56.28733268350457,20
F-LCA,436,1442.8441377526376,56.28733268350457,20
F-LCA,437,1442.8441377526376,56.28733268350457,20
F-LCA,438,1442.8441377526376,56.28733268350457,20
F-LCA,439,1442.8441377526376,56.28733268350457,20
F-LCA,440,1440.683429854059,54.73834951498048,20
F-LCA,441,1440.683429854059,54.73834951498048,20
F-LCA,442,1440.683429854059,54.73834951498048,20
F-LCA,443,1440.683429854059,54.73834951498048,20
F-LCA,444,1440.683429854059,54.73834951498048,20
F-LCA,445,1440.683429854059,54.73834951498048,20
F-LCA,446,1440.683429854059,54.73834951498048,20
F-LCA,447,1440.683429854059,54.73834951498048,20
F-LCA,448,1440.683429854059,54.73834951498048,20
F-LCA,449,1440.683429854059,54.73834951498048,20
F-LCA,450,1440.683429854059,54.73834951498048,20
F-LCA,451,1440.683429854059,54.73834951498048,20
F-LCA,452,1440.683429854059,54.73834951498048,20
F-LCA,453,1440.683429854059,54.73834951498048,20
F-LCA,454,1440.683429854059,54.73834951498048,20
F-LCA,455,1440.683429854059,54.73834951498048,20
F-LCA,456,1440.683429854059,54.73834951498048,20
F-LCA,457,1440.683429854059,54.73834951498048,20
F-LCA,458,1440.683429854059,54.73834951498048,20
F-LCA,459,1440.683429854059,54.73834951498048,20
F-LCA,460,1440.683429854059,54.73834951498048,20
F-LCA,461,1440.683429854059,54.73834951498048,20
F-LCA,462,1440.683429854059,54.73834951498048,20
F-LCA,463,1440.683429854059,54.73834951498048,20
F-LCA,464,1440.683429854059,54.73834951498048,20
F-LCA,465,1440.683429854059,54.73834951498048,20
F-LCA,466,1440.683429854059,54.73834951498048,20
F-LCA,467,1440.683429854059,54.73834951498048,20
F-LCA,468,1440.683429854059,54.73834951498048,20
F-LCA,469,1440.683429854059,54.73834951498048,20
F-LCA,470,1440.683429854059,54.73834951498048,20
F-LCA,471,1440.683429854059,54.73834951498048,20
F-LCA,472,1440.683429854059,54.73834951498048,20
F-LCA,473,1440.683429854059,54.73834951498048,20
F-LCA,474,1440.683429854059,54.73834951498048,20
F-LCA,475,1440.683429854059,54.73834951498048,20
F-LCA,476,1438.423311600589,53.655853262812485,20
F-LCA,477,1438.423311600589,53.655853262812485,20
F-LCA,478,1438.423311600589,53.655853262812485,20
F-LCA,479,1438.423311600589,53.655853262812485,20
F-LCA,480,1438.423311600589,53.655853262812485,20
F-LCA,481,1438.423311600589,53.655853262812485,20
F-LCA,482,1438.423311600589,53.655853262812485,20
F-LCA,483,1438.423311600589,53.655853262812485,20
F-LCA,484,1438.423311600589,53.655853262812485,20
F-LCA,485,1438.423311600589,53.655853262812485,20
F-LCA,486,1438.423311600589,53.655853262812485,20
F-LCA,487,1438.423311600589,53.655853262812485,20
F-LCA,488,1438.423311600589,53.655853262812485,20
F-LCA,489,1438.423311600589,53.655853262812485,20
F-LCA,490,1438.423311600589,53.655853262812485,20
F-LCA,491,1438.423311600589,53.655853262812485,20
F-LCA,492,1438.423311600589,53.655853262812485,20
F-LCA,493,1438.423311600589,53.655853262812485,20
F-LCA,494,1438.423311600589,53.655853262812485,20
F-LCA,495,1438.423311600589,53.655853262812485,20
F-LCA,496,1438.423311600589,53.655853262812485,20
F-LCA,497,1438.423311600589,53.655853262812485,20
F-LCA,498,1438.423311600589,53.655853262812485,20
F-LCA,499,1438.423311600589,53.655853262812485,20
F-LCA,500,1438.423311600589,53.655853262812485,20
F-LCA,501,1438.423311600589,53.655853262812485,20
F-LCA,502,1438.423311600589,53.655853262812485,20
F-LCA,503,1438.423311600589,53.655853262812485,20
F-LCA,504,1438.423311600589,53.655853262812485,20
F-LCA,505,1438.423311600589,53.655853262812485,20
F-LCA,506,1438.423311600589,53.655853262812485,20
F-LCA,507,1438.423311600589,53.655853262812485,20
F-LCA,508,1438.423311600589,53.655853262812485,20
F-LCA,509,1438.423311600589,53.655853262812485,20
F-LCA,510,1438.423311600589,53.655853262812485,20
F-LCA,511,1438.423311600589,53.655853262812485,20
F-LCA,512,1438.423311600589,53.655853262812485,20
F-LCA,513,1438.423311600589,53.655853262812485,20
F-LCA,514,1438.423311600589,53.655853262812485,20
F-LCA,515,1438.423311600589,53.655853262812485,20
F-LCA,516,1438.423311600589,53.655853262812485,20
F-LCA,517,1438.423311600589,53.655853262812485,20
F-LCA,518,1438.423311600589,53.655853262812485,20
F-LCA,519,1438.423311600589,53.655853262812485,20
F-LCA,520,1438.423311600589,53.655853262812485,20
F-LCA,521,1438.423311600589,53.655853262812485,20
F-LCA,522,1438.423311600589,53.655853262812485,20
F-LCA,523,1438.423311600589,53.655853262812485,20
F-LCA,524,1438.423311600589,53.655853262812485,20
F-LCA,525,1438.423311600589,53.655853262812485,20
F-LCA,526,1438.423311600589,53.655853262812485,20
F-LCA,527,1438.423311600589,53.655853262812485,20
F-LCA,528,1438.423311600589,53.655853262812485,20
F-LCA,529,1438.423311600589,53.655853262812485,20
F-LCA,530,1438.423311600589,53.655853262812485,20
F-LCA,531,1438.423311600589,53.655853262812485,20
F-LCA,532,1438.423311600589,53.655853262812485,20
F-LCA,533,1438.423311600589,53.655853262812485,20
F-LCA,534,1438.423311600589,53.655853262812485,20
F-LCA,535,1438.423311600589,53.655853262812485,20
F-LCA,536,1438.423311600589,53.655853262812485,20
F-LCA,537,1438.423311600589,53.655853262812485,20
F-LCA,538,1438.423311600589,53.655853262812485,20
F-LCA,539,1438.423311600589,53.655853262812485,20
F-LCA,540,1438.423311600589,53.655853262812485,20
F-LCA,541,1438.423311600589,53.655853262812485,20
F-LCA,542,1438.423311600589,53.655853262812485,20
F-LCA,543,1438.423311600589,53.655853262812485,20
F-LCA,544,1438.423311600589,53.655853262812485,20
F-LCA,545,1438.423311600589,53.655853262812485,20
F-LCA,546,1438.423311600589,53.655853262812485,20
F-LCA,547,1438.423311600589,53.655853262812485,20
F-LCA,548,1438.423311600589,53.655853262812485,20
F-LCA,549,1438.423311600589,53.655853262812485,20
F-LCA,550,1438.423311600589,53.655853262812485,20
F-LCA,551,1438.423311600589,53.655853262812485,20
F-LCA,552,1438.423311600589,53.655853262812485,20
F-LCA,553,1435.882568709056,54.59335744820389,20
F-LCA,554,1435.882568709056,54.59335744820389,20
F-LCA,555,1435.882568709056,54.59335744820389,20
F-LCA,556,1435.882568709056,54.59335744820389,20
F-LCA,557,1435.882568709056,54.59335744820389,20
F-LCA,558,1435.882568709056,54.59335744820389,20
F-LCA,559,1435.882568709056,54.59335744820389,20
F-LCA,560,1433.710134144822,56.29059582200867,20
F-LCA,561,1433.710134144822,56.29059582200867,20
F-LCA,562,1433.710134144822,56.29059582200867,20
F-LCA,563,1433.710134144822,56.29059582200867,20
F-LCA,564,1433.710134144822,56.29059582200867,20
F-LCA,565,1433.710134144822,56.29059582200867,20
F-LCA,566,1433.710134144822,56.29059582200867,20
F-LCA,567,1433.710134144822,56.29059582200867,20
F-LCA,568,1433.710134144822,56.29059582200867,20
F-LCA,569,1433.710134144822,56.29059582200867,20
F-LCA,570,1433.710134144822,56.29059582200867,20
F-LCA,571,1433.710134144822,56.29059582200867,20
F-LCA,572,1433.710134144822,56.29059582200867,20
F-LCA,573,1433.710134144822,56.29059582200867,20
F-LCA,574,1433.710134144822,56.29059582200867,20
F-LCA,575,1433.710134144822,56.29059582200867,20
F-LCA,576,1433.710134144822,56.29059582200867,20
F-LCA,577,1433.710134144822,56.29059582200867,20
F-LCA,578,1433.710134144822,56.29059582200867,20
F-LCA,579,1433.710134144822,56.29059582200867,20
F-LCA,580,1433.710134144822,56.29059582200867,20
F-LCA,581,1433.710134144822,56.29059582200867,20
F-LCA,582,1433.710134144822,56.29059582200867,20
F-LCA,583,1433.710134144822,56.29059582200867,20
F-LCA,584,1433.710134144822,56.29059582200867,20
F-LCA,585,1433.710134144822,56.29059582200867,20
F-LCA,586,1433.710134144822,56.29059582200867,20
F-LCA,587,1433.710134144822,56.29059582200867,20
F-LCA,588,1433.710134144822,56.29059582200867,20
F-LCA,589,1433.710134144822,56.29059582200867,20
F-LCA,590,1433.710134144822,56.29059582200867,20
F-LCA,591,1433.710134144822,56.29059582200867,20
F-LCA,592,1433.710134144822,56.29059582200867,20
F-LCA,593,1433.710134144822,56.29059582200867,20
F-LCA,594,1433.710134144822,56.29059582200867,20
F-LCA,595,1433.710134144822,56.29059582200867,20
F-LCA,596,1433.710134144822,56.29059582200867,20
F-LCA,597,1433.710134144822,56.29059582200867,20
F-LCA,598,1433.710134144822,56.29059582200867,20
F-LCA,599,1433.710134144822,56.29059582200867,20
F-LCA,600,1432.66444764146,57.676001857983934,20
F-LCA,601,1432.66444764146,57.676001857983934,20
F-LCA,602,1432.66444764146,57.676001857983934,20
F-LCA,603,1432.66444764146,57.676001857983934,20
F-LCA,604,1432.66444764146,57.676001857983934,20
F-LCA,605,1432.66444764146,57.676001857983934,20
F-LCA,606,1432.66444764146,57.676001857983934,20
F-LCA,607,1432.66444764146,57.676001857983934,20
F-LCA,608,1432.66444764146,57.676001857983934,20
F-LCA,609,1432.66444764146,57.676001857983934,20
F-LCA,610,1432.66444764146,57.676001857983934,20
F-LCA,611,1432.66444764146,57.676001857983934,20
F-LCA,612,1432.66444764146,57.676001857983934,20
F-LCA,613,1432.66444764146,57.676001857983934,20
F-LCA,614,1432.66444764146,57.676001857983934,20
F-LCA,615,1432.66444764146,57.676001857983934,20
F-LCA,616,1432.66444764146,57.676001857983934,20
F-LCA,617,1432.66444764146,57.676001857983934,20
F-LCA,618,1432.66444764146,57.676001857983934,20
F-LCA,619,1432.66444764146,57.676001857983934,20
F-LCA,620,1432.66444764146,57.676001857983934,20
F-LCA,621,1432.66444764146,57.676001857983934,20
F-LCA,622,1432.66444764146,57.676001857983934,20
F-LCA,623,1432.66444764146,57.676001857983934,20
F-LCA,624,1432.66444764146,57.676001857983934,20
F-LCA,625,1432.66444764146,57.676001857983934,20
F-LCA,626,1432.66444764146,57.676001857983934,20
F-LCA,627,1432.66444764146,57.676001857983934,20
F-LCA,628,1432.66444764146,57.676001857983934,20
F-LCA,629,1432.66444764146,57.676001857983934,20
F-LCA,630,1432.66444764146,57.676001857983934,20
F-LCA,631,1432.66444764146,57.676001857983934,20
F-LCA,632,1432.66444764146,57.676001857983934,20
F-LCA,633,1432.66444764146,57.676001857983934,20
F-LCA,634,1432.66444764146,57.676001857983934,20
F-LCA,635,1432.66444764146,57.676001857983934,20
F-LCA,636,1432.66444764146,57.676001857983934,20
F-LCA,637,1432.66444764146,57.676001857983934,20
F-LCA,638,1432.66444764146,57.676001857983934,20
F-LCA,639,1432.66444764146,57.676001857983934,20
F-LCA,640,1432.66444764146,57.676001857983934,20
F-LCA,641,1432.66444764146,57.676001857983934,20
F-LCA,642,1432.66444764146,57.676001857983934,20
F-LCA,643,1432.66444764146,57.676001857983934,20
F-LCA,644,1432.66444764146,57.676001857983934,20
F-LCA,645,1432.66444764146,57.676001857983934,20
F-LCA,646,1432.66444764146,57.676001857983934,20
F-LCA,647,1432.66444764146,57.676001857983934,20
F-LCA,648,1432.66444764146,57.676001857983934,20
F-LCA,649,1432.66444764146,57.676001857983934,20
F-LCA,650,1432.66444764146,57.676001857983934,20
F-LCA,651,1432.66444764146,57.676001857983934,20
F-LCA,652,1432.66444764146,57.676001857983934,20
F-LCA,653,1432.66444764146,57.676001857983934,20
F-LCA,654,1432.66444764146,57.676001857983934,20
F-LCA,655,1432.66444764146,57.676001857983934,20
F-LCA,656,1432.66444764146,57.676001857983934,20
F-LCA,657,1432.66444764146,57.676001857983934,20
F-LCA,658,1432.66444764146,57.676001857983934,20
F-LCA,659,1432.66444764146,57.676001857983934,20
F-LCA,660,1429.720126819368,59.32201877511671,20
F-LCA,661,1429.720126819368,59.32201877511671,20
F-LCA,662,1429.720126819368,59.32201877511671,20
F-LCA,663,1429.720126819368,59.32201877511671,20
F-LCA,664,1429.720126819368,59.32201877511671,20
F-LCA,665,1429.720126819368,59.32201877511671,20
F-LCA,666,1429.720126819368,59.32201877511671,20
F-LCA,667,1429.720126819368,59.32201877511671,20
F-LCA,668,1429.720126819368,59.32201877511671,20
F-LCA,669,1429.720126819368,59.32201877511671,20
F-LCA,670,1429.720126819368,59.32201877511671,20
F-LCA,671,1429.720126819368,59.32201877511671,20
F-LCA,672,1429.720126819368,59.32201877511671,20
F-LCA,673,1429.720126819368,59.32201877511671,20
F-LCA,674,1429.720126819368,59.32201877511671,20
F-LCA,675,1429.720126819368,59.32201877511671,20
F-LCA,676,1429.720126819368,59.32201877511671,20
F-LCA,677,1429.720126819368,59.32201877511671,20
F-LCA,678,1429.720126819368,59.32201877511671,20
F-LCA,679,1429.720126819368,59.32201877511671,20
F-LCA,680,1427.465431623787,61.61293763396221,20
F-LCA,681,1427.465431623787,61.61293763396221,20
F-LCA,682,1427.465431623787,61.61293763396221,20
F-LCA,683,1427.465431623787,61.61293763396221,20
F-LCA,684,1427.465431623787,61.61293763396221,20
F-LCA,685,1427.465431623787,61.61293763396221,20
F-LCA,686,1427.465431623787,61.61293763396221,20
F-LCA,687,1427.465431623787,61.61293763396221,20
F-LCA,688,1427.465431623787,61.61293763396221,20
F-LCA,689,1427.465431623787,61.61293763396221,20
F-LCA,690,1427.465431623787,61.61293763396221,20
F-LCA,691,1427.465431623787,61.61293763396221,20
F-LCA,692,1427.465431623787,61.61293763396221,20
F-LCA,693,1427.465431623787,61.61293763396221,20
F-LCA,694,1427.465431623787,61.61293763396221,20
F-LCA,695,1427.465431623787,61.61293763396221,20
F-LCA,696,1427.465431623787,61.61293763396221,20
F-LCA,697,1427.465431623787,61.61293763396221,20
F-LCA,698,1427.465431623787,61.61293763396221,20
F-LCA,699,1427.465431623787,61.61293763396221,20
F-LCA,700,1427.3210789038892,61.80457810823272,20
F-LCA,701,1427.3210789038892,61.80457810823272,20
F-LCA,702,1427.3210789038892,61.80457810823272,20
F-LCA,703,1427.3210789038892,61.80457810823272,20
F-LCA,704,1427.3210789038892,61.80457810823272,20
F-LCA,705,1427.3210789038892,61.80457810823272,20
F-LCA,706,1427.3210789038892,61.80457810823272,20
F-LCA,707,1427.3210789038892,61.80457810823272,20
F-LCA,708,1427.3210789038892,61.80457810823272,20
F-LCA,709,1427.3210789038892,61.80457810823272,20
F-LCA,710,1427.3210789038892,61.80457810823272,20
F-LCA,711,1427.3210789038892,61.80457810823272,20
F-LCA,712,1427.3210789038892,61.80457810823272,20
F-LCA,713,1427.3210789038892,61.80457810823272,20
F-LCA,714,1427.3210789038892,61.80457810823272,20
F-LCA,715,1427.3210789038892,61.80457810823272,20
F-LCA,716,1427.3210789038892,61.80457810823272,20
F-LCA,717,1427.3210789038892,61.80457810823272,20
F-LCA,718,1427.3210789038892,61.80457810823272,20
F-LCA,719,1427.3210789038892,61.80457810823272,20
F-LCA,720,1425.040120384847,61.17860393027868,20
F-LCA,721,1425.040120384847,61.17860393027868,20
F-LCA,722,1425.040120384847,61.17860393027868,20
F-LCA,723,1425.040120384847,61.17860393027868,20
F-LCA,724,1425.040120384847,61.17860393027868,20
F-LCA,725,1425.040120384847,61.17860393027868,20
F-LCA,726,1425.040120384847,61.17860393027868,20
F-LCA,727,1425.040120384847,61.17860393027868,20
F-LCA,728,1425.040120384847,61.17860393027868,20
F-LCA,729,1425.040120384847,61.17860393027868,20
F-LCA,730,1425.040120384847,61.17860393027868,20
F-LCA,731,1425.040120384847,61.17860393027868,20
F-LCA,732,1425.040120384847,61.17860393027868,20
F-LCA,733,1425.040120384847,61.17860393027868,20
F-LCA,734,1425.040120384847,61.17860393027868,20
F-LCA,735,1425.040120384847,61.17860393027868,20
F-LCA,736,1425.040120384847,61.17860393027868,20
F-LCA,737,1425.040120384847,61.17860393027868,20
F-LCA,738,1425.040120384847,61.17860393027868,20
F-LCA,739,1425.040120384847,61.17860393027868,20
F-LCA,740,1425.040120384847,61.17860393027868,20
F-LCA,741,1425.040120384847,61.17860393027868,20
F-LCA,742,1425.040120384847,61.17860393027868,20
F-LCA,743,1425.040120384847,61.17860393027868,20
F-LCA,744,1425.040120384847,61.17860393027868,20
F-LCA,745,1425.040120384847,61.17860393027868,20
F-LCA,746,1425.040120384847,61.17860393027868,20
F-LCA,747,1425.040120384847,61.17860393027868,20
F-LCA,748,1425.040120384847,61.17860393027868,20
F-LCA,749,1425.040120384847,61.17860393027868,20
F-LCA,750,1425.040120384847,61.17860393027868,20
F-LCA,751,1425.040120384847,61.17860393027868,20
F-LCA,752,1425.040120384847,61.17860393027868,20
F-LCA,753,1425.040120384847,61.17860393027868,20
F-LCA,754,1423.417618938047,61.542475143925365,20
F-LCA,755,1421.62639131243,64.30851605196231,20
F-LCA,756,1419.135606169203,65.35538315659237,20
F-LCA,757,1419.135606169203,65.35538315659237,20
F-LCA,758,1419.135606169203,65.35538315659237,20
F-LCA,759,1419.135606169203,65.35538315659237,20
F-LCA,760,1419.135606169203,65.35538315659237,20
F-LCA,761,1419.135606169203,65.35538315659237,20
F-LCA,762,1419.135606169203,65.35538315659237,20
F-LCA,763,1419.135606169203,65.35538315659237,20
F-LCA,764,1419.135606169203,65.35538315659237,20
F-LCA,765,1419.135606169203,65.35538315659237,20
F-LCA,766,1419.135606169203,65.35538315659237,20
F-LCA,767,1419.135606169203,65.35538315659237,20
F-LCA,768,1417.4073607797245,62.39701529906553,20
F-LCA,769,1417.4073607797245,62.39701529906553,20
F-LCA,770,1417.4073607797245,62.39701529906553,20
F-LCA,771,1417.4073607797245,62.39701529906553,20
F-LCA,772,1417.4073607797245,62.39701529906553,20
F-LCA,773,1417.4073607797245,62.39701529906553,20
F-LCA,774,1417.4073607797245,62.39701529906553,20
F-LCA,775,1417.4073607797245,62.39701529906553,20
F-LCA,776,1417.4073607797245,62.39701529906553,20
F-LCA,777,1417.4073607797245,62.39701529906553,20
F-LCA,778,1417.4073607797245,62.39701529906553,20
F-LCA,779,1417.4073607797245,62.39701529906553,20
F-LCA,780,1417.4073607797245,62.39701529906553,20
F-LCA,781,1417.4073607797245,62.39701529906553,20
F-LCA,782,1417.4073607797245,62.39701529906553,20
F-LCA,783,1417.4073607797245,62.39701529906553,20
F-LCA,784,1417.4073607797245,62.39701529906553,20
F-LCA,785,1417.4073607797245,62.39701529906553,20
F-LCA,786,1417.4073607797245,62.39701529906553,20
F-LCA,787,1417.4073607797245,62.39701529906553,20
F-LCA,788,1417.4073607797245,62.39701529906553,20
F-LCA,789,1417.4073607797245,62.39701529906553,20
F-LCA,790,1417.4073607797245,62.39701529906553,20
F-LCA,791,1417.4073607797245,62.39701529906553,20
F-LCA,792,1417.4073607797245,62.39701529906553,20
F-LCA,793,1417.4073607797245,62.39701529906553,20
F-LCA,794,1417.4073607797245,62.39701529906553,20
F-LCA,795,1417.4073607797245,62.39701529906553,20
F-LCA,796,1417.4073607797245,62.39701529906553,20
F-LCA,797,1417.4073607797245,62.39701529906553,20
F-LCA,798,1417.4073607797245,62.39701529906553,20
F-LCA,799,1417.4073607797245,62.39701529906553,20
F-LCA,800,1417.4073607797245,62.39701529906553,20
F-LCA,801,1417.4073607797245,62.39701529906553,20
F-LCA,802,1417.4073607797245,62.39701529906553,20
F-LCA,803,1417.4073607797245,62.39701529906553,20
F-LCA,804,1417.4073607797245,62.39701529906553,20
F-LCA,805,1417.4073607797245,62.39701529906553,20
F-LCA,806,1417.4073607797245,62.39701529906553,20
F-LCA,807,1417.4073607797245,62.39701529906553,20
F-LCA,808,1417.4073607797245,62.39701529906553,20
F-LCA,809,1417.4073607797245,62.39701529906553,20
F-LCA,810,1417.4073607797245,62.39701529906553,20
F-LCA,811,1417.4073607797245,62.39701529906553,20
F-LCA,812,1417.4073607797245,62.39701529906553,20
F-LCA,813,1417.4073607797245,62.39701529906553,20
F-LCA,814,1417.4073607797245,62.39701529906553,20
F-LCA,815,1417.4073607797245,62.39701529906553,20
F-LCA,816,1417.4073607797245,62.39701529906553,20
F-LCA,817,1417.4073607797245,62.39701529906553,20
F-LCA,818,1415.789905914326,64.42940062599548,20
F-LCA,819,1415.789905914326,64.42940062599548,20
F-LCA,820,1415.789905914326,64.42940062599548,20
F-LCA,821,1415.5187774539068,64.55822688742138,20
F-LCA,822,1415.5187774539068,64.55822688742138,20
F-LCA,823,1415.5187774539068,64.55822688742138,20
F-LCA,824,1415.5187774539068,64.55822688742138,20
F-LCA,825,1415.5187774539068,64.55822688742138,20
F-LCA,826,1415.5187774539068,64.55822688742138,20
F-LCA,827,1415.5187774539068,64.55822688742138,20
F-LCA,828,1415.5187774539068,64.55822688742138,20
F-LCA,829,1415.5187774539068,64.55822688742138,20
F-LCA,830,1415.5187774539068,64.55822688742138,20
F-LCA,831,1415.5187774539068,64.55822688742138,20
F-LCA,832,1415.5187774539068,64.55822688742138,20
F-LCA,833,1415.5187774539068,64.55822688742138,20
F-LCA,834,1415.5187774539068,64.55822688742138,20
F-LCA,835,1415.5187774539068,64.55822688742138,20
F-LCA,836,1415.5187774539068,64.55822688742138,20
F-LCA,837,1415.5187774539068,64.55822688742138,20
F-LCA,838,1415.5187774539068,64.55822688742138,20
F-LCA,839,1415.5187774539068,64.55822688742138,20
F-LCA,840,1414.5839957786288,63.74577579532127,20
F-LCA,841,1414.5839957786288,63.74577579532127,20
F-LCA,842,1414.5839957786288,63.74577579532127,20
F-LCA,843,1414.5839957786288,63.74577579532127,20
F-LCA,844,1414.5839957786288,63.74577579532127,20
F-LCA,845,1414.5839957786288,63.74577579532127,20
F-LCA,846,1414.5839957786288,63.74577579532127,20
F-LCA,847,1414.5839957786288,63.74577579532127,20
F-LCA,848,1414.5839957786288,63.74577579532127,20
F-LCA,849,1414.5839957786288,63.74577579532127,20
F-LCA,850,1414.5839957786288,63.74577579532127,20
F-LCA,851,1414.5839957786288,63.74577579532127,20
F-LCA,852,1414.5839957786288,63.74577579532127,20
F-LCA,853,1414.5839957786288,63.74577579532127,20
F-LCA,854,1414.5839957786288,63.74577579532127,20
F-LCA,855,1414.5839957786288,63.74577579532127,20
F-LCA,856,1414.5839957786288,63.74577579532127,20
F-LCA,857,1414.5839957786288,63.74577579532127,20
F-LCA,858,1414.5839957786288,63.74577579532127,20
F-LCA,859,1414.5839957786288,63.74577579532127,20
F-LCA,860,1414.5839957786288,63.74577579532127,20
F-LCA,861,1414.5839957786288,63.74577579532127,20
F-LCA,862,1414.5839957786288,63.74577579532127,20
F-LCA,863,1414.5839957786288,63.74577579532127,20
F-LCA,864,1414.5839957786288,63.74577579532127,20
F-LCA,865,1414.5839957786288,63.74577579532127,20
F-LCA,866,1414.5839957786288,63.74577579532127,20
F-LCA,867,1414.5839957786288,63.74577579532127,20
F-LCA,868,1414.5839957786288,63.74577579532127,20
F-LCA,869,1414.5839957786288,63.74577579532127,20
F-LCA,870,1414.5839957786288,63.74577579532127,20
F-LCA,871,1414.5839957786288,63.74577579532127,20
F-LCA,872,1414.5839957786288,63.74577579532127,20
F-LCA,873,1414.5839957786288,63.74577579532127,20
F-LCA,874,1414.5839957786288,63.74577579532127,20
F-LCA,875,1414.5839957786288,63.74577579532127,20
F-LCA,876,1414.5839957786288,63.74577579532127,20
F-LCA,877,1414.5839957786288,63.74577579532127,20
F-LCA,878,1414.5839957786288,63.74577579532127,20
F-LCA,879,1414.5839957786288,63.74577579532127,20
F-LCA,880,1412.3831133103056,61.70852302250722,20
F-LCA,881,1412.3831133103056,61.70852302250722,20
F-LCA,882,1412.3831133103056,61.70852302250722,20
F-LCA,883,1412.3831133103056,61.70852302250722,20
F-LCA,884,1412.3831133103056,61.70852302250722,20
F-LCA,885,1412.3831133103056,61.70852302250722,20
F-LCA,886,1412.3831133103056,61.70852302250722,20
F-LCA,887,1412.3831133103056,61.70852302250722,20
F-LCA,888,1412.3831133103056,61.70852302250722,20
F-LCA,889,1412.3831133103056,61.70852302250722,20
F-LCA,890,1412.3831133103056,61.70852302250722,20
F-LCA,891,1412.3831133103056,61.70852302250722,20
F-LCA,892,1412.3831133103056,61.70852302250722,20
F-LCA,893,1412.3831133103056,61.70852302250722,20
F-LCA,894,1412.3831133103056,61.70852302250722,20
F-LCA,895,1412.3831133103056,61.70852302250722,20
F-LCA,896,1412.3831133103056,61.70852302250722,20
F-LCA,897,1412.3831133103056,61.70852302250722,20
F-LCA,898,1412.3831133103056,61.70852302250722,20
F-LCA,899,1412.3831133103056,61.70852302250722,20
F-LCA,900,1412.3831133103056,61.70852302250722,20
F-LCA,901,1412.3831133103056,61.70852302250722,20
F-LCA,902,1412.3831133103056,61.70852302250722,20
F-LCA,903,1412.3831133103056,61.70852302250722,20
F-LCA,904,1412.3831133103056,61.70852302250722,20
F-LCA,905,1412.3831133103056,61.70852302250722,20
F-LCA,906,1412.3831133103056,61.70852302250722,20
F-LCA,907,1412.3831133103056,61.70852302250722,20
F-LCA,908,1412.3831133103056,61.70852302250722,20
F-LCA,909,1412.3831133103056,61.70852302250722,20
F-LCA,910,1412.3831133103056,61.70852302250722,20
F-LCA,911,1412.3831133103056,61.70852302250722,20
F-LCA,912,1412.3831133103056,61.70852302250722,20
F-LCA,913,1412.3831133103056,61.70852302250722,20
F-LCA,914,1412.3831133103056,61.70852302250722,20
F-LCA,915,1412.3831133103056,61.70852302250722,20
F-LCA,916,1412.3831133103056,61.70852302250722,20
F-LCA,917,1412.3831133103056,61.70852302250722,20
F-LCA,918,1412.3831133103056,61.70852302250722,20
F-LCA,919,1412.3831133103056,61.70852302250722,20
F-LCA,920,1412.3831133103056,61.70852302250722,20
F-LCA,921,1412.3831133103056,61.70852302250722,20
F-LCA,922,1412.3831133103056,61.70852302250722,20
F-LCA,923,1412.3831133103056,61.70852302250722,20
F-LCA,924,1412.3831133103056,61.70852302250722,20
F-LCA,925,1412.3831133103056,61.70852302250722,20
F-LCA,926,1412.3831133103056,61.70852302250722,20
F-LCA,927,1412.3831133103056,61.70852302250722,20
F-LCA,928,1412.3831133103056,61.70852302250722,20
F-LCA,929,1412.3831133103056,61.70852302250722,20
F-LCA,930,1412.3831133103056,61.70852302250722,20
F-LCA,931,1412.3831133103056,61.70852302250722,20
F-LCA,932,1412.3831133103056,61.70852302250722,20
F-LCA,933,1412.3831133103056,61.70852302250722,20
F-LCA,934,1412.3831133103056,61.70852302250722,20
F-LCA,935,1412.3831133103056,61.70852302250722,20
F-LCA,936,1412.3831133103056,61.70852302250722,20
F-LCA,937,1412.3831133103056,61.70852302250722,20
F-LCA,938,1412.3831133103056,61.70852302250722,20
F-LCA,939,1412.3831133103056,61.70852302250722,20
F-LCA,940,1412.3831133103056,61.70852302250722,20
F-LCA,941,1412.3831133103056,61.70852302250722,20
F-LCA,942,1412.3831133103056,61.70852302250722,20
F-LCA,943,1412.3831133103056,61.70852302250722,20
F-LCA,944,1412.3831133103056,61.70852302250722,20
F-LCA,945,1412.3831133103056,61.70852302250722,20
F-LCA,946,1412.3831133103056,61.70852302250722,20
F-LCA,947,1412.3831133103056,61.70852302250722,20
F-LCA,948,1412.3831133103056,61.70852302250722,20
F-LCA,949,1412.3831133103056,61.70852302250722,20
F-LCA,950,1412.3831133103056,61.70852302250722,20
F-LCA,951,1412.3831133103056,61.70852302250722,20
F-LCA,952,1412.3831133103056,61.70852302250722,20
F-LCA,953,1412.3831133103056,61.70852302250722,20
F-LCA,954,1412.3831133103056,61.70852302250722,20
F-LCA,955,1412.3831133103056,61.70852302250722,20
F-LCA,956,1412.3831133103056,61.70852302250722,20
F-LCA,957,1412.3831133103056,61.70852302250722,20
F-LCA,958,1412.3831133103056,61.70852302250722,20
F-LCA,959,1412.3831133103056,61.70852302250722,20
F-LCA,960,1412.3831133103056,61.70852302250722,20
F-LCA,961,1412.3831133103056,61.70852302250722,20
F-LCA,962,1412.3831133103056,61.70852302250722,20
F-LCA,963,1412.3831133103056,61.70852302250722,20
F-LCA,964,1412.3831133103056,61.70852302250722,20
F-LCA,965,1412.3831133103056,61.70852302250722,20
F-LCA,966,1412.3831133103056,61.70852302250722,20
F-LCA,967,1412.3831133103056,61.70852302250722,20
F-LCA,968,1412.3831133103056,61.70852302250722,20
F-LCA,969,1412.3831133103056,61.70852302250722,20
F-LCA,970,1412.3831133103056,61.70852302250722,20
F-LCA,971,1412.3831133103056,61.70852302250722,20
F-LCA,972,1412.3831133103056,61.70852302250722,20
F-LCA,973,1412.3831133103056,61.70852302250722,20
F-LCA,974,1412.3831133103056,61.70852302250722,20
F-LCA,975,1412.3831133103056,61.70852302250722,20
F-LCA,976,1412.3831133103056,61.70852302250722,20
F-LCA,977,1412.3831133103056,61.70852302250722,20
F-LCA,978,1412.3831133103056,61.70852302250722,20
F-LCA,979,1412.3831133103056,61.70852302250722,20
F-LCA,980,1412.3831133103056,61.70852302250722,20
F-LCA,981,1412.3831133103056,61.70852302250722,20
F-LCA,982,1412.3831133103056,61.70852302250722,20
F-LCA,983,1412.3831133103056,61.70852302250722,20
F-LCA,984,1412.3831133103056,61.70852302250722,20
F-LCA,985,1412.3831133103056,61.70852302250722,20
F-LCA,986,1412.3831133103056,61.70852302250722,20
F-LCA,987,1412.3831133103056,61.70852302250722,20
F-LCA,988,1412.3831133103056,61.70852302250722,20
F-LCA,989,1412.3831133103056,61.70852302250722,20
F-LCA,990,1412.3831133103056,61.70852302250722,20
F-LCA,991,1412.3831133103056,61.70852302250722,20
F-LCA,992,1412.3831133103056,61.70852302250722,20
F-LCA,993,1412.3831133103056,61.70852302250722,20
F-LCA,994,1412.3831133103056,61.70852302250722,20
F-LCA,995,1412.3831133103056,61.70852302250722,20
F-LCA,996,1412.3831133103056,61.70852302250722,20
F-LCA,997,1412.3831133103056,61.70852302250722,20
F-LCA,998,1412.3831133103056,61.70852302250722,20
F-LCA,999,1412.3831133103056,61.70852302250722,20
F-LCA,1000,1412.3831133103056,61.70852302250722,20
F-LCA,1001,1412.3831133103056,61.70852302250722,20
F-LCA,1002,1412.3831133103056,61.70852302250722,20
F-LCA,1003,1412.3831133103056,61.70852302250722,20
F-LCA,1004,1412.3831133103056,61.70852302250722,20
F-LCA,1005,1412.3831133103056,61.70852302250722,20
F-LCA,1006,1412.3831133103056,61.70852302250722,20
F-LCA,1007,1412.3831133103056,61.70852302250722,20
F-LCA,1008,1412.3831133103056,61.70852302250722,20
F-LCA,1009,1412.3831133103056,61.70852302250722,20
F-LCA,1010,1412.3831133103056,61.70852302250722,20
F-LCA,1011,1412.3831133103056,61.70852302250722,20
F-LCA,1012,1412.3831133103056,61.70852302250722,20
F-LCA,1013,1412.3831133103056,61.70852302250722,20
F-LCA,1014,1412.3831133103056,61.70852302250722,20
F-LCA,1015,1412.3831133103056,61.70852302250722,20
F-LCA,1016,1412.3831133103056,61.70852302250722,20
F-LCA,1017,1412.3831133103056,61.70852302250722,20
F-LCA,1018,1412.3831133103056,61.70852302250722,20
F-LCA,1019,1412.3831133103056,61.70852302250722,20
F-LCA,1020,1412.3831133103056,61.70852302250722,20
F-LCA,1021,1412.3831133103056,61.70852302250722,20
F-LCA,1022,1412.3831133103056,61.70852302250722,20
F-LCA,1023,1412.3831133103056,61.70852302250722,20
F-LCA,1024,1412.3831133103056,61.70852302250722,20
F-LCA,1025,1412.3831133103056,61.70852302250722,20
F-LCA,1026,1412.3831133103056,61.70852302250722,20
F-LCA,1027,1412.3831133103056,61.70852302250722,20
F-LCA,1028,1412.3831133103056,61.70852302250722,20
F-LCA,1029,1412.3831133103056,61.70852302250722,20
F-LCA,1030,1412.3831133103056,61.70852302250722,20
F-LCA,1031,1412.3831133103056,61.70852302250722,20
F-LCA,1032,1412.3831133103056,61.70852302250722,20
F-LCA,1033,1412.3831133103056,61.70852302250722,20
F-LCA,1034,1412.3831133103056,61.70852302250722,20
F-LCA,1035,1412.3831133103056,61.70852302250722,20
F-LCA,1036,1412.3831133103056,61.70852302250722,20
F-LCA,1037,1412.3831133103056,61.70852302250722,20
F-LCA,1038,1412.3831133103056,61.70852302250722,20
F-LCA,1039,1412.3831133103056,61.70852302250722,20
F-LCA,1040,1412.3831133103056,61.70852302250722,20
F-LCA,1041,1412.3831133103056,61.70852302250722,20
F-LCA,1042,1412.3831133103056,61.70852302250722,20
F-LCA,1043,1412.3831133103056,61.70852302250722,20
F-LCA,1044,1412.3831133103056,61.70852302250722,20
F-LCA,1045,1412.3831133103056,61.70852302250722,20
F-LCA,1046,1412.3831133103056,61.70852302250722,20
F-LCA,1047,1412.3831133103056,61.70852302250722,20
F-LCA,1048,1412.3831133103056,61.70852302250722,20
F-LCA,1049,1412.3831133103056,61.70852302250722,20
F-LCA,1050,1412.3831133103056,61.70852302250722,20
F-LCA,1051,1412.3831133103056,61.70852302250722,20
F-LCA,1052,1412.3831133103056,61.70852302250722,20
F-LCA,1053,1412.3831133103056,61.70852302250722,20
F-LCA,1054,1412.3831133103056,61.70852302250722,20
F-LCA,1055,1412.3831133103056,61.70852302250722,20
F-LCA,1056,1411.3273148205867,62.65269713199535,20
F-LCA,1057,1411.3273148205867,62.65269713199535,20
F-LCA,1058,1411.3273148205867,62.65269713199535,20
F-LCA,1059,1411.3273148205867,62.65269713199535,20
F-LCA,1060,1411.3273148205867,62.65269713199535,20
F-LCA,1061,1411.3273148205867,62.65269713199535,20
F-LCA,1062,1411.3273148205867,62.65269713199535,20
F-LCA,1063,1411.3273148205867,62.65269713199535,20
F-LCA,1064,1411.3273148205867,62.65269713199535,20
F-LCA,1065,1411.3273148205867,62.65269713199535,20
F-LCA,1066,1408.902913606785,64.67809120739848,20
F-LCA,1067,1408.902913606785,64.67809120739848,20
F-LCA,1068,1408.371794151618,64.29033840694615,20
F-LCA,1069,1408.371794151618,64.29033840694615,20
F-LCA,1070,1408.371794151618,64.29033840694615,20
F-LCA,1071,1408.371794151618,64.29033840694615,20
F-LCA,1072,1408.371794151618,64.29033840694615,20
F-LCA,1073,1408.371794151618,64.29033840694615,20
F-LCA,1074,1408.371794151618,64.29033840694615,20
F-LCA,1075,1408.371794151618,64.29033840694615,20
F-LCA,1076,1408.371794151618,64.29033840694615,20
F-LCA,1077,1408.371794151618,64.29033840694615,20
F-LCA,1078,1408.371794151618,64.29033840694615,20
F-LCA,1079,1408.371794151618,64.29033840694615,20
F-LCA,1080,1408.371794151618,64.29033840694615,20
F-LCA,1081,1408.371794151618,64.29033840694615,20
F-LCA,1082,1408.371794151618,64.29033840694615,20
F-LCA,1083,1408.371794151618,64.29033840694615,20
F-LCA,1084,1408.371794151618,64.29033840694615,20
F-LCA,1085,1408.371794151618,64.29033840694615,20
F-LCA,1086,1408.371794151618,64.29033840694615,20
F-LCA,1087,1408.371794151618,64.29033840694615,20
F-LCA,1088,1408.371794151618,64.29033840694615,20
F-LCA,1089,1408.371794151618,64.29033840694615,20
F-LCA,1090,1408.371794151618,64.29033840694615,20
F-LCA,1091,1408.371794151618,64.29033840694615,20
F-LCA,1092,1408.371794151618,64.29033840694615,20
F-LCA,1093,1408.371794151618,64.29033840694615,20
F-LCA,1094,1408.371794151618,64.29033840694615,20
F-LCA,1095,1408.371794151618,64.29033840694615,20
F-LCA,1096,1408.371794151618,64.29033840694615,20
F-LCA,1097,1408.371794151618,64.29033840694615,20
F-LCA,1098,1408.371794151618,64.29033840694615,20
F-LCA,1099,1408.371794151618,64.29033840694615,20
F-LCA,1100,1408.371794151618,64.29033840694615,20
F-LCA,1101,1408.371794151618,64.29033840694615,20
F-LCA,1102,1406.8162080596571,63.4989231004524,20
F-LCA,1103,1406.8162080596571,63.4989231004524,20
F-LCA,1104,1406.8162080596571,63.4989231004524,20
F-LCA,1105,1406.8162080596571,63.4989231004524,20
F-LCA,1106,1406.8162080596571,63.4989231004524,20
F-LCA,1107,1406.8162080596571,63.4989231004524,20
F-LCA,1108,1406.8162080596571,63.4989231004524,20
F-LCA,1109,1406.8162080596571,63.4989231004524,20
F-LCA,1110,1406.8162080596571,63.4989231004524,20
F-LCA,1111,1406.8162080596571,63.4989231004524,20
F-LCA,1112,1406.8162080596571,63.4989231004524,20
F-LCA,1113,1406.8162080596571,63.4989231004524,20
F-LCA,1114,1406.8162080596571,63.4989231004524,20
F-LCA,1115,1406.8162080596571,63.4989231004524,20
F-LCA,1116,1406.388031084438,63.28043835089365,20
F-LCA,1117,1406.388031084438,63.28043835089365,20
F-LCA,1118,1406.388031084438,63.28043835089365,20
F-LCA,1119,1406.388031084438,63.28043835089365,20
F-LCA,1120,1406.388031084438,63.28043835089365,20
F-LCA,1121,1406.388031084438,63.28043835089365,20
F-LCA,1122,1406.388031084438,63.28043835089365,20
F-LCA,1123,1406.388031084438,63.28043835089365,20
F-LCA,1124,1406.388031084438,63.28043835089365,20
F-LCA,1125,1406.388031084438,63.28043835089365,20
F-LCA,1126,1406.388031084438,63.28043835089365,20
F-LCA,1127,1406.388031084438,63.28043835089365,20
F-LCA,1128,1406.388031084438,63.28043835089365,20
F-LCA,1129,1406.388031084438,63.28043835089365,20
F-LCA,1130,1406.388031084438,63.28043835089365,20
F-LCA,1131,1406.388031084438,63.28043835089365,20
F-LCA,1132,1406.388031084438,63.28043835089365,20
F-LCA,1133,1406.388031084438,63.28043835089365,20
F-LCA,1134,1406.388031084438,63.28043835089365,20
F-LCA,1135,1406.388031084438,63.28043835089365,20
F-LCA,1136,1406.388031084438,63.28043835089365,20
F-LCA,1137,1406.388031084438,63.28043835089365,20
F-LCA,1138,1406.388031084438,63.28043835089365,20
F-LCA,1139,1406.388031084438,63.28043835089365,20
F-LCA,1140,1406.388031084438,63.28043835089365,20
F-LCA,1141,1406.388031084438,63.28043835089365,20
F-LCA,1142,1406.388031084438,63.28043835089365,20
F-LCA,1143,1406.388031084438,63.28043835089365,20
F-LCA,1144,1406.388031084438,63.28043835089365,20
F-LCA,1145,1406.388031084438,63.28043835089365,20
F-LCA,1146,1406.388031084438,63.28043835089365,20
F-LCA,1147,1406.388031084438,63.28043835089365,20
F-LCA,1148,1406.388031084438,63.28043835089365,20
F-LCA,1149,1406.388031084438,63.28043835089365,20
F-LCA,1150,1403.6508445615143,62.56341003907413,20
F-LCA,1151,1403.6508445615143,62.56341003907413,20
F-LCA,1152,1403.6508445615143,62.56341003907413,20
F-LCA,1153,1403.6508445615143,62.56341003907413,20
F-LCA,1154,1403.6508445615143,62.56341003907413,20
F-LCA,1155,1403.6508445615143,62.56341003907413,20
F-LCA,1156,1403.6508445615143,62.56341003907413,20
F-LCA,1157,1403.6508445615143,62.56341003907413,20
F-LCA,1158,1403.6508445615143,62.56341003907413,20
F-LCA,1159,1403.6508445615143,62.56341003907413,20
F-LCA,1160,1403.6508445615143,62.56341003907413,20
F-LCA,1161,1403.6508445615143,62.56341003907413,20
F-LCA,1162,1403.6508445615143,62.56341003907413,20
F-LCA,1163,1403.6508445615143,62.56341003907413,20
F-LCA,1164,1403.6508445615143,62.56341003907413,20
F-LCA,1165,1403.6508445615143,62.56341003907413,20
F-LCA,1166,1403.6508445615143,62.56341003907413,20
F-LCA,1167,1403.6508445615143,62.56341003907413,20
F-LCA,1168,1403.6508445615143,62.56341003907413,20
F-LCA,1169,1403.6508445615143,62.56341003907413,20
F-LCA,1170,1403.6508445615143,62.56341003907413,20
F-LCA,1171,1403.6508445615143,62.56341003907413,20
F-LCA,1172,1402.8151221565026,62.40390290647829,20
F-LCA,1173,1402.8151221565026,62.40390290647829,20
F-LCA,1174,1402.8151221565026,62.40390290647829,20
F-LCA,1175,1402.8151221565026,62.40390290647829,20
F-LCA,1176,1402.8151221565026,62.40390290647829,20
F-LCA,1177,1402.8151221565026,62.40390290647829,20
F-LCA,1178,1402.8151221565026,62.40390290647829,20
F-LCA,1179,1402.8151221565026,62.40390290647829,20
F-LCA,1180,1402.8151221565026,62.40390290647829,20
F-LCA,1181,1402.8151221565026,62.40390290647829,20
F-LCA,1182,1402.8151221565026,62.40390290647829,20
F-LCA,1183,1402.8151221565026,62.40390290647829,20
F-LCA,1184,1402.8151221565026,62.40390290647829,20
F-LCA,1185,1402.8151221565026,62.40390290647829,20
F-LCA,1186,1402.8151221565026,62.40390290647829,20
F-LCA,1187,1402.8151221565026,62.40390290647829,20
F-LCA,1188,1402.8151221565026,62.40390290647829,20
F-LCA,1189,1402.8151221565026,62.40390290647829,20
F-LCA,1190,1402.8151221565026,62.40390290647829,20
F-LCA,1191,1402.8151221565026,62.40390290647829,20
F-LCA,1192,1402.8151221565026,62.40390290647829,20
F-LCA,1193,1402.8151221565026,62.40390290647829,20
F-LCA,1194,1402.8151221565026,62.40390290647829,20
F-LCA,1195,1402.8151221565026,62.40390290647829,20
F-LCA,1196,1402.8151221565026,62.40390290647829,20
F-LCA,1197,1402.8151221565026,62.40390290647829,20
F-LCA,1198,1400.6221111773916,63.51640588796854,20
F-LCA,1199,1400.6221111773916,63.51640588796854,20
F-LCA,1200,1400.6221111773916,63.51640588796854,20
F-LCA,1201,1400.6221111773916,63.51640588796854,20
F-LCA,1202,1400.6221111773916,63.51640588796854,20
F-LCA,1203,1400.6221111773916,63.51640588796854,20
F-LCA,1204,1400.6221111773916,63.51640588796854,20
F-LCA,1205,1400.6221111773916,63.51640588796854,20
F-LCA,1206,1400.6221111773916,63.51640588796854,20
F-LCA,1207,1400.6221111773916,63.51640588796854,20
F-LCA,1208,1400.6221111773916,63.51640588796854,20
F-LCA,1209,1400.6221111773916,63.51640588796854,20
F-LCA,1210,1400.6221111773916,63.51640588796854,20
F-LCA,1211,1400.6221111773916,63.51640588796854,20
F-LCA,1212,1400.6221111773916,63.51640588796854,20
F-LCA,1213,1400.6221111773916,63.51640588796854,20
F-LCA,1214,1400.6221111773916,63.51640588796854,20
F-LCA,1215,1400.6221111773916,63.51640588796854,20
F-LCA,1216,1400.6221111773916,63.51640588796854,20
F-LCA,1217,1400.6221111773916,63.51640588796854,20
F-LCA,1218,1400.6221111773916,63.51640588796854,20
F-LCA,1219,1400.6221111773916,63.51640588796854,20
F-LCA,1220,1400.6221111773916,63.51640588796854,20
F-LCA,1221,1400.6221111773916,63.51640588796854,20
F-LCA,1222,1400.6221111773916,63.51640588796854,20
F-LCA,1223,1400.6221111773916,63.51640588796854,20
F-LCA,1224,1400.6221111773916,63.51640588796854,20
F-LCA,1225,1400.6221111773916,63.51640588796854,20
F-LCA,1226,1400.6221111773916,63.51640588796854,20
F-LCA,1227,1400.6221111773916,63.51640588796854,20
F-LCA,1228,1400.6221111773916,63.51640588796854,20
F-LCA,1229,1400.6221111773916,63.51640588796854,20
F-LCA,1230,1400.6221111773916,63.51640588796854,20
F-LCA,1231,1400.6221111773916,63.51640588796854,20
F-LCA,1232,1400.6221111773916,63.51640588796854,20
F-LCA,1233,1400.6221111773916,63.51640588796854,20
F-LCA,1234,1400.6221111773916,63.51640588796854,20
F-LCA,1235,1400.6221111773916,63.51640588796854,20
F-LCA,1236,1400.6221111773916,63.51640588796854,20
F-LCA,1237,1400.6221111773916,63.51640588796854,20
F-LCA,1238,1400.6221111773916,63.51640588796854,20
F-LCA,1239,1400.6221111773916,63.51640588796854,20
F-LCA,1240,1400.6221111773916,63.51640588796854,20
F-LCA,1241,1400.6221111773916,63.51640588796854,20
F-LCA,1242,1400.6221111773916,63.51640588796854,20
F-LCA,1243,1400.6221111773916,63.51640588796854,20
F-LCA,1244,1400.6221111773916,63.51640588796854,20
F-LCA,1245,1400.6221111773916,63.51640588796854,20
F-LCA,1246,1400.6221111773916,63.51640588796854,20
F-LCA,1247,1400.6221111773916,63.51640588796854,20
F-LCA,1248,1400.6221111773916,63.51640588796854,20
F-LCA,1249,1400.6221111773916,63.51640588796854,20
F-LCA,1250,1400.6221111773916,63.51640588796854,20
F-LCA,1251,1400.6221111773916,63.51640588796854,20
F-LCA,1252,1400.6221111773916,63.51640588796854,20
F-LCA,1253,1400.6221111773916,63.51640588796854,20
F-LCA,1254,1400.6221111773916,63.51640588796854,20
F-LCA,1255,1400.6221111773916,63.51640588796854,20
F-LCA,1256,1400.6221111773916,63.51640588796854,20
F-LCA,1257,1400.6221111773916,63.51640588796854,20
F-LCA,1258,1400.6221111773916,63.51640588796854,20
F-LCA,1259,1400.6221111773916,63.51640588796854,20
F-LCA,1260,1400.6221111773916,63.51640588796854,20
F-LCA,1261,1400.6221111773916,63.51640588796854,20
F-LCA,1262,1400.6221111773916,63.51640588796854,20
F-LCA,1263,1400.6221111773916,63.51640588796854,20
F-LCA,1264,1400.6221111773916,63.51640588796854,20
F-LCA,1265,1400.6221111773916,63.51640588796854,20
F-LCA,1266,1400.6221111773916,63.51640588796854,20
F-LCA,1267,1400.6221111773916,63.51640588796854,20
F-LCA,1268,1400.133716620257,63.96658119724588,20
F-LCA,1269,1400.133716620257,63.96658119724588,20
F-LCA,1270,1400.133716620257,63.96658119724588,20
F-LCA,1271,1400.133716620257,63.96658119724588,20
F-LCA,1272,1400.133716620257,63.96658119724588,20
F-LCA,1273,1400.133716620257,63.96658119724588,20
F-LCA,1274,1400.133716620257,63.96658119724588,20
F-LCA,1275,1400.133716620257,63.96658119724588,20
F-LCA,1276,1400.133716620257,63.96658119724588,20
F-LCA,1277,1400.133716620257,63.96658119724588,20
F-LCA,1278,1400.133716620257,63.96658119724588,20
F-LCA,1279,1400.133716620257,63.96658119724588,20
F-LCA,1280,1400.133716620257,63.96658119724588,20
F-LCA,1281,1400.133716620257,63.96658119724588,20
F-LCA,1282,1400.133716620257,63.96658119724588,20
F-LCA,1283,1400.133716620257,63.96658119724588,20
F-LCA,1284,1400.133716620257,63.96658119724588,20
F-LCA,1285,1400.133716620257,63.96658119724588,20
F-LCA,1286,1400.133716620257,63.96658119724588,20
F-LCA,1287,1400.133716620257,63.96658119724588,20
F-LCA,1288,1400.133716620257,63.96658119724588,20
F-LCA,1289,1400.133716620257,63.96658119724588,20
F-LCA,1290,1400.133716620257,63.96658119724588,20
F-LCA,1291,1400.133716620257,63.96658119724588,20
F-LCA,1292,1400.133716620257,63.96658119724588,20
F-LCA,1293,1400.133716620257,63.96658119724588,20
F-LCA,1294,1400.133716620257,63.96658119724588,20
F-LCA,1295,1400.133716620257,63.96658119724588,20
F-LCA,1296,1400.133716620257,63.96658119724588,20
F-LCA,1297,1400.133716620257,63.96658119724588,20
F-LCA,1298,1400.133716620257,63.96658119724588,20
F-LCA,1299,1400.133716620257,63.96658119724588,20
F-LCA,1300,1400.133716620257,63.96658119724588,20
F-LCA,1301,1400.133716620257,63.96658119724588,20
F-LCA,1302,1400.133716620257,63.96658119724588,20
F-LCA,1303,1400.133716620257,63.96658119724588,20
F-LCA,1304,1400.133716620257,63.96658119724588,20
F-LCA,1305,1400.133716620257,63.96658119724588,20
F-LCA,1306,1400.133716620257,63.96658119724588,20
F-LCA,1307,1400.133716620257,63.96658119724588,20
F-LCA,1308,1400.133716620257,63.96658119724588,20
F-LCA,1309,1400.133716620257,63.96658119724588,20
F-LCA,1310,1400.133716620257,63.96658119724588,20
F-LCA,1311,1400.133716620257,63.96658119724588,20
F-LCA,1312,1400.133716620257,63.96658119724588,20
F-LCA,1313,1400.133716620257,63.96658119724588,20
F-LCA,1314,1400.133716620257,63.96658119724588,20
F-LCA,1315,1400.133716620257,63.96658119724588,20
F-LCA,1316,1400.133716620257,63.96658119724588,20
F-LCA,1317,1400.133716620257,63.96658119724588,20
F-LCA,1318,1400.133716620257,63.96658119724588,20
F-LCA,1319,1400.133716620257,63.96658119724588,20
F-LCA,1320,1399.8007622908665,63.72868452276003,20
F-LCA,1321,1399.8007622908665,63.72868452276003,20
F-LCA,1322,1399.8007622908665,63.72868452276003,20
F-LCA,1323,1399.8007622908665,63.72868452276003,20
F-LCA,1324,1399.8007622908665,63.72868452276003,20
F-LCA,1325,1399.8007622908665,63.72868452276003,20
F-LCA,1326,1399.8007622908665,63.72868452276003,20
F-LCA,1327,1399.8007622908665,63.72868452276003,20
F-LCA,1328,1399.8007622908665,63.72868452276003,20
F-LCA,1329,1399.8007622908665,63.72868452276003,20
F-LCA,1330,1399.8007622908665,63.72868452276003,20
F-LCA,1331,1399.8007622908665,63.72868452276003,20
F-LCA,1332,1399.8007622908665,63.72868452276003,20
F-LCA,1333,1399.8007622908665,63.72868452276003,20
F-LCA,1334,1399.8007622908665,63.72868452276003,20
F-LCA,1335,1399.8007622908665,63.72868452276003,20
F-LCA,1336,1399.8007622908665,63.72868452276003,20
F-LCA,1337,1399.8007622908665,63.72868452276003,20
F-LCA,1338,1399.8007622908665,63.72868452276003,20
F-LCA,1339,1399.8007622908665,63.72868452276003,20
F-LCA,1340,1399.8007622908665,63.72868452276003,20
F-LCA,1341,1399.8007622908665,63.72868452276003,20
F-LCA,1342,1399.8007622908665,63.72868452276003,20
F-LCA,1343,1399.8007622908665,63.72868452276003,20
F-LCA,1344,1399.8007622908665,63.72868452276003,20
F-LCA,1345,1399.8007622908665,63.72868452276003,20
F-LCA,1346,1399.8007622908665,63.72868452276003,20
F-LCA,1347,1399.8007622908665,63.72868452276003,20
F-LCA,1348,1399.8007622908665,63.72868452276003,20
F-LCA,1349,1399.8007622908665,63.72868452276003,20
F-LCA,1350,1399.8007622908665,63.72868452276003,20
F-LCA,1351,1399.8007622908665,63.72868452276003,20
F-LCA,1352,1399.8007622908665,63.72868452276003,20
F-LCA,1353,1399.8007622908665,63.72868452276003,20
F-LCA,1354,1399.8007622908665,63.72868452276003,20
F-LCA,1355,1399.8007622908665,63.72868452276003,20
F-LCA,1356,1399.8007622908665,63.72868452276003,20
F-LCA,1357,1399.8007622908665,63.72868452276003,20
F-LCA,1358,1399.8007622908665,63.72868452276003,20
F-LCA,1359,1399.8007622908665,63.72868452276003,20
F-LCA,1360,1399.8007622908665,63.72868452276003,20
F-LCA,1361,1399.8007622908665,63.72868452276003,20
F-LCA,1362,1399.8007622908665,63.72868452276003,20
F-LCA,1363,1399.8007622908665,63.72868452276003,20
F-LCA,1364,1399.8007622908665,63.72868452276003,20
F-LCA,1365,1399.8007622908665,63.72868452276003,20
F-LCA,1366,1399.8007622908665,63.72868452276003,20
F-LCA,1367,1399.8007622908665,63.72868452276003,20
F-LCA,1368,1399.8007622908665,63.72868452276003,20
F-LCA,1369,1399.8007622908665,63.72868452276003,20
F-LCA,1370,1399.8007622908665,63.72868452276003,20
F-LCA,1371,1399.8007622908665,63.72868452276003,20
F-LCA,1372,1399.8007622908665,63.72868452276003,20
F-LCA,1373,1399.8007622908665,63.72868452276003,20
F-LCA,1374,1399.8007622908665,63.72868452276003,20
F-LCA,1375,1399.8007622908665,63.72868452276003,20
F-LCA,1376,1399.8007622908665,63.72868452276003,20
F-LCA,1377,1399.8007622908665,63.72868452276003,20
F-LCA,1378,1399.8007622908665,63.72868452276003,20
F-LCA,1379,1399.8007622908665,63.72868452276003,20
F-LCA,1380,1399.8007622908665,63.72868452276003,20
F-LCA,1381,1399.8007622908665,63.72868452276003,20
F-LCA,1382,1399.8007622908665,63.72868452276003,20
F-LCA,1383,1399.8007622908665,63.72868452276003,20
F-LCA,1384,1399.8007622908665,63.72868452276003,20
F-LCA,1385,1399.8007622908665,63.72868452276003,20
F-LCA,1386,1399.8007622908665,63.72868452276003,20
F-LCA,1387,1399.8007622908665,63.72868452276003,20
F-LCA,1388,1399.8007622908665,63.72868452276003,20
F-LCA,1389,1399.8007622908665,63.72868452276003,20
F-LCA,1390,1399.8007622908665,63.72868452276003,20
F-LCA,1391,1399.8007622908665,63.72868452276003,20
F-LCA,1392,1399.0854728442932,63.86635636681422,20
F-LCA,1393,1399.0854728442932,63.86635636681422,20
F-LCA,1394,1399.0854728442932,63.86635636681422,20
F-LCA,1395,1399.0854728442932,63.86635636681422,20
F-LCA,1396,1399.0854728442932,63.86635636681422,20
F-LCA,1397,1399.0854728442932,63.86635636681422,20
F-LCA,1398,1399.0854728442932,63.86635636681422,20
F-LCA,1399,1399.0854728442932,63.86635636681422,20
F-LCA,1400,1399.0854728442932,63.86635636681422,20
F-LCA,1401,1399.0854728442932,63.86635636681422,20
F-LCA,1402,1399.0854728442932,63.86635636681422,20
F-LCA,1403,1399.0854728442932,63.86635636681422,20
F-LCA,1404,1399.0854728442932,63.86635636681422,20
F-LCA,1405,1399.0854728442932,63.86635636681422,20
F-LCA,1406,1399.0854728442932,63.86635636681422,20
F-LCA,1407,1399.0854728442932,63.86635636681422,20
F-LCA,1408,1399.0854728442932,63.86635636681422,20
F-LCA,1409,1399.0854728442932,63.86635636681422,20
F-LCA,1410,1399.0854728442932,63.86635636681422,20
F-LCA,1411,1399.0854728442932,63.86635636681422,20
F-LCA,1412,1399.0854728442932,63.86635636681422,20
F-LCA,1413,1399.0854728442932,63.86635636681422,20
F-LCA,1414,1399.0854728442932,63.86635636681422,20
F-LCA,1415,1399.0854728442932,63.86635636681422,20
F-LCA,1416,1399.0854728442932,63.86635636681422,20
F-LCA,1417,1399.0854728442932,63.86635636681422,20
F-LCA,1418,1399.0854728442932,63.86635636681422,20
F-LCA,1419,1399.0854728442932,63.86635636681422,20
F-LCA,1420,1399.0854728442932,63.86635636681422,20
F-LCA,1421,1399.0854728442932,63.86635636681422,20
F-LCA,1422,1399.0854728442932,63.86635636681422,20
F-LCA,1423,1399.0854728442932,63.86635636681422,20
F-LCA,1424,1399.0854728442932,63.86635636681422,20
F-LCA,1425,1399.0854728442932,63.86635636681422,20
F-LCA,1426,1399.0854728442932,63.86635636681422,20
F-LCA,1427,1399.0854728442932,63.86635636681422,20
F-LCA,1428,1399.0854728442932,63.86635636681422,20
F-LCA,1429,1399.0854728442932,63.86635636681422,20
F-LCA,1430,1399.0854728442932,63.86635636681422,20
F-LCA,1431,1399.0854728442932,63.86635636681422,20
F-LCA,1432,1399.0854728442932,63.86635636681422,20
F-LCA,1433,1399.0854728442932,63.86635636681422,20
F-LCA,1434,1399.0854728442932,63.86635636681422,20
F-LCA,1435,1399.0854728442932,63.86635636681422,20
F-LCA,1436,1399.0854728442932,63.86635636681422,20
F-LCA,1437,1399.0854728442932,63.86635636681422,20
F-LCA,1438,1399.0854728442932,63.86635636681422,20
F-LCA,1439,1399.0854728442932,63.86635636681422,20
F-LCA,1440,1399.0854728442932,63.86635636681422,20
F-LCA,1441,1399.0854728442932,63.86635636681422,20
F-LCA,1442,1399.0854728442932,63.86635636681422,20
F-LCA,1443,1399.0854728442932,63.86635636681422,20
F-LCA,1444,1399.0854728442932,63.86635636681422,20
F-LCA,1445,1399.0854728442932,63.86635636681422,20
F-LCA,1446,1399.0854728442932,63.86635636681422,20
F-LCA,1447,1399.0854728442932,63.86635636681422,20
F-LCA,1448,1399.0854728442932,63.86635636681422,20
F-LCA,1449,1399.0854728442932,63.86635636681422,20
F-LCA,1450,1399.0854728442932,63.86635636681422,20
F-LCA,1451,1399.0854728442932,63.86635636681422,20
F-LCA,1452,1399.0854728442932,63.86635636681422,20
F-LCA,1453,1399.0854728442932,63.86635636681422,20
F-LCA,1454,1399.0854728442932,63.86635636681422,20
F-LCA,1455,1399.0854728442932,63.86635636681422,20
F-LCA,1456,1399.0854728442932,63.86635636681422,20
F-LCA,1457,1399.0854728442932,63.86635636681422,20
F-LCA,1458,1399.0854728442932,63.86635636681422,20
F-LCA,1459,1399.0854728442932,63.86635636681422,20
F-LCA,1460,1399.0854728442932,63.86635636681422,20
F-LCA,1461,1399.0854728442932,63.86635636681422,20
F-LCA,1462,1399.0854728442932,63.86635636681422,20
F-LCA,1463,1399.0854728442932,63.86635636681422,20
F-LCA,1464,1399.0854728442932,63.86635636681422,20
F-LCA,1465,1399.0854728442932,63.86635636681422,20
F-LCA,1466,1399.0854728442932,63.86635636681422,20
F-LCA,1467,1399.0854728442932,63.86635636681422,20
F-LCA,1468,1399.0854728442932,63.86635636681422,20
F-LCA,1469,1399.0854728442932,63.86635636681422,20
F-LCA,1470,1399.0854728442932,63.86635636681422,20
F-LCA,1471,1399.0854728442932,63.86635636681422,20
F-LCA,1472,1399.0854728442932,63.86635636681422,20
F-LCA,1473,1399.0854728442932,63.86635636681422,20
F-LCA,1474,1399.0854728442932,63.86635636681422,20
F-LCA,1475,1399.0854728442932,63.86635636681422,20
F-LCA,1476,1399.0854728442932,63.86635636681422,20
F-LCA,1477,1399.0854728442932,63.86635636681422,20
F-LCA,1478,1399.0854728442932,63.86635636681422,20
F-LCA,1479,1399.0854728442932,63.86635636681422,20
F-LCA,1480,1399.0854728442932,63.86635636681422,20
F-LCA,1481,1399.0854728442932,63.86635636681422,20
F-LCA,1482,1399.0854728442932,63.86635636681422,20
F-LCA,1483,1399.0854728442932,63.86635636681422,20
F-LCA,1484,1399.0854728442932,63.86635636681422,20
F-LCA,1485,1399.0854728442932,63.86635636681422,20
F-LCA,1486,1399.0854728442932,63.86635636681422,20
F-LCA,1487,1399.0854728442932,63.86635636681422,20
F-LCA,1488,1399.0854728442932,63.86635636681422,20
F-LCA,1489,1399.0854728442932,63.86635636681422,20
F-LCA,1490,1399.0854728442932,63.86635636681422,20
F-LCA,1491,1399.0854728442932,63.86635636681422,20
F-LCA,1492,1399.0854728442932,63.86635636681422,20
F-LCA,1493,1399.0854728442932,63.86635636681422,20
F-LCA,1494,1399.0854728442932,63.86635636681422,20
F-LCA,1495,1399.0854728442932,63.86635636681422,20
F-LCA,1496,1399.0854728442932,63.86635636681422,20
F-LCA,1497,1399.0854728442932,63.86635636681422,20
F-LCA,1498,1399.0854728442932,63.86635636681422,20
F-LCA,1499,1399.0854728442932,63.86635636681422,20
F-LCA,1500,1399.0854728442932,63.86635636681422,20
ACO,1,1844.8866999473696,103.3551947573061,20
ACO,2,1800.5010919285287,81.03356005418462,20
ACO,3,1779.548169877006,78.62592893855276,20
ACO,4,1751.514859158214,83.08307904141847,20
ACO,5,1749.482109278991,82.44042259194907,20
ACO,6,1746.5526606010249,82.43007370521936,20
ACO,7,1735.1923139475366,94.92641917852715,20
ACO,8,1721.1577891071106,85.02540952659363,20
ACO,9,1713.9399360725915,82.71618143511982,20
ACO,10,1707.7021095702398,80.4923948821508,20
ACO,11,1704.0803474616,80.73705006376143,20
ACO,12,1696.324496881647,82.58114672082213,20
ACO,13,1696.324496881647,82.58114672082213,20
ACO,14,1691.9116440514692,78.80901328163198,20
ACO,15,1686.793703533618,77.3214692230675,20
ACO,16,1683.987365696155,76.57117838437352,20
ACO,17,1677.9805717161548,75.82683063206596,20
ACO,18,1677.2717912380333,74.01411606082151,20
ACO,19,1672.3478295970822,73.88724579215393,20
ACO,20,1672.3478295970822,73.88724579215393,20
ACO,21,1671.289963233863,71.86356629548386,20
ACO,22,1670.284330392494,71.99394694930656,20
ACO,23,1666.4899821394429,74.79928622383922,20
ACO,24,1666.4899821394429,74.79928622383922,20
ACO,25,1665.213164160691,74.89911567867482,20
ACO,26,1662.5226692026804,73.7568395070341,20
ACO,27,1661.141900808712,73.45044065487137,20
ACO,28,1661.141900808712,73.45044065487137,20
ACO,29,1660.4542185095622,73.56991591935095,20
ACO,30,1654.6426440660005,78.75033811171183,20
ACO,31,1654.6426440660005,78.75033811171183,20
ACO,32,1654.6426440660005,78.75033811171183,20
ACO,33,1654.6426440660005,78.75033811171183,20
ACO,34,1652.6201153545087,75.05609312252476,20
ACO,35,1649.5770129691778,70.10654489399714,20
ACO,36,1649.5770129691778,70.10654489399714,20
ACO,37,1649.5770129691778,70.10654489399714,20
ACO,38,1649.5770129691778,70.10654489399714,20
ACO,39,1649.5576595613245,70.10886153809902,20
ACO,40,1649.1257800820626,70.03836908268639,20
ACO,41,1649.1257800820626,70.03836908268639,20
ACO,42,1648.3992935759154,70.34144389286183,20
ACO,43,1648.3992935759154,70.34144389286183,20
ACO,44,1648.2852927300275,70.31568500695312,20
ACO,45,1645.3403712261947,71.83610539299934,20
ACO,46,1645.3403712261947,71.83610539299934,20
ACO,47,1644.5772800176044,71.30304470454107,20
ACO,48,1640.3297199301517,71.46110617775817,20
ACO,49,1640.3297199301517,71.46110617775817,20
ACO,50,1640.3297199301517,71.46110617775817,20
ACO,51,1640.3297199301517,71.46110617775817,20
ACO,52,1640.3297199301517,71.46110617775817,20
ACO,53,1640.3297199301517,71.46110617775817,20
ACO,54,1640.3297199301517,71.46110617775817,20
ACO,55,1635.288483570139,66.02265198427497,20
ACO,56,1633.5950937474968,65.76442514840832,20
ACO,57,1632.9109922787025,64.90474675433303,20
ACO,58,1632.9109922787025,64.90474675433303,20
ACO,59,1631.9942982973507,64.75215167862487,20
ACO,60,1631.9942982973507,64.75215167862487,20
ACO,61,1629.6807377967084,63.27356424908585,20
ACO,62,1629.6807377967084,63.27356424908585,20
ACO,63,1629.6807377967084,63.27356424908585,20
ACO,64,1629.6807377967084,63.27356424908585,20
ACO,65,1626.3791597065722,60.09399812985091,20
ACO,66,1624.2484181885366,60.65820634169608,20
ACO,67,1624.2484181885366,60.65820634169608,20
ACO,68,1624.2484181885366,60.65820634169608,20
ACO,69,1620.1782357171503,62.73100674117326,20
ACO,70,1620.1782357171503,62.73100674117326,20
ACO,71,1617.4212880038776,58.59545469356715,20
ACO,72,1611.783796798653,64.20667574578977,20
ACO,73,1607.6748465902836,69.49692203626545,20
ACO,74,1607.6748465902836,69.49692203626545,20
ACO,75,1607.6748465902836,69.49692203626545,20
ACO,76,1607.0928979905452,69.3174547975041,20
ACO,77,1607.0928979905452,69.3174547975041,20
ACO,78,1606.5474497071764,69.5544609195772,20
ACO,79,1606.5474497071764,69.5544609195772,20
ACO,80,1601.299087263833,67.86047414169633,20
ACO,81,1601.299087263833,67.86047414169633,20
ACO,82,1601.121803053827,67.94878753788356,20
ACO,83,1601.013965047598,67.98159531751614,20
ACO,84,1601.013965047598,67.98159531751614,20
ACO,85,1601.013965047598,67.98159531751614,20
ACO,86,1601.013965047598,67.98159531751614,20
ACO,87,1601.013965047598,67.98159531751614,20
ACO,88,1597.8066381657204,67.42473934306754,20
ACO,89,1593.461574026639,69.79203598172636,20
ACO,90,1593.2263436213243,70.17706448675042,20
ACO,91,1591.9937610277316,68.41871085304807,20
ACO,92,1588.4157966809794,65.22430224462094,20
ACO,93,1588.4157966809794,65.22430224462094,20
ACO,94,1588.4157966809794,65.22430224462094,20
ACO,95,1587.592907459326,66.09818383398813,20
ACO,96,1587.592907459326,66.09818383398813,20
ACO,97,1587.3278502173955,65.96386799945704,20
ACO,98,1587.3278502173955,65.96386799945704,20
ACO,99,1587.3278502173955,65.96386799945704,20
ACO,100,1584.0546481113838,63.658070006593455,20
ACO,101,1584.0546481113838,63.658070006593455,20
ACO,102,1580.3393911141677,63.21905800016815,20
ACO,103,1575.3283588071422,64.4909118568583,20
ACO,104,1574.7611869395914,64.39607264966992,20
ACO,105,1574.7611869395914,64.39607264966992,20
ACO,106,1574.7611869395914,64.39607264966992,20
ACO,107,1574.7611869395914,64.39607264966992,20
ACO,108,1574.7611869395914,64.39607264966992,20
ACO,109,1572.160494711339,67.08325187889828,20
ACO,110,1572.160494711339,67.08325187889828,20
ACO,111,1572.160494711339,67.08325187889828,20
ACO,112,1565.0621408168904,79.13455390976307,20
ACO,113,1565.0621408168904,79.13455390976307,20
ACO,114,1565.0621408168904,79.13455390976307,20
ACO,115,1564.2677596888927,78.39080450248028,20
ACO,116,1564.2677596888927,78.39080450248028,20
ACO,117,1564.2677596888927,78.39080450248028,20
ACO,118,1560.9755871616987,74.88216995667945,20
ACO,119,1560.9755871616987,74.88216995667945,20
ACO,120,1560.176375529529,74.36693580175906,20
ACO,121,1560.176375529529,74.36693580175906,20
ACO,122,1560.176375529529,74.36693580175906,20
ACO,123,1559.9361008805924,74.30858215525441,20
ACO,124,1555.2264691079895,69.5989969630798,20
ACO,125,1555.2264691079895,69.5989969630798,20
ACO,126,1555.2264691079895,69.5989969630798,20
ACO,127,1547.1043271195065,78.59738871933908,20
ACO,128,1544.5767372631456,78.47243896909902,20
ACO,129,1543.9749521447957,78.09991411420927,20
ACO,130,1543.9749521447957,78.09991411420927,20
ACO,131,1543.9749521447957,78.09991411420927,20
ACO,132,1543.9749521447957,78.09991411420927,20
ACO,133,1542.2299226480347,75.37963335396682,20
ACO,134,1542.2299226480347,75.37963335396682,20
ACO,135,1541.482515066266,75.50769327861725,20
ACO,136,1541.482515066266,75.50769327861725,20
ACO,137,1541.482515066266,75.50769327861725,20
ACO,138,1541.482515066266,75.50769327861725,20
ACO,139,1541.482515066266,75.50769327861725,20
ACO,140,1541.482515066266,75.50769327861725,20
ACO,141,1541.4319363428874,75.47102467258911,20
ACO,142,1541.4319363428874,75.47102467258911,20
ACO,143,1540.404795261194,74.87047160540916,20
ACO,144,1540.404795261194,74.87047160540916,20
ACO,145,1540.404795261194,74.87047160540916,20
ACO,146,1540.404795261194,74.87047160540916,20
ACO,147,1540.404795261194,74.87047160540916,20
ACO,148,1540.404795261194,74.87047160540916,20
ACO,149,1539.496758475116,74.03822587311767,20
ACO,150,1534.879210202172,76.71294684546291,20
ACO,151,1534.879210202172,76.71294684546291,20
ACO,152,1534.879210202172,76.71294684546291,20
ACO,153,1534.879210202172,76.71294684546291,20
ACO,154,1534.879210202172,76.71294684546291,20
ACO,155,1534.879210202172,76.71294684546291,20
ACO,156,1533.304476969542,76.60786329419767,20
ACO,157,1533.017758487114,76.46443478259766,20
ACO,158,1533.017758487114,76.46443478259766,20
ACO,159,1529.5666390467595,75.5010896317862,20
ACO,160,1529.5666390467595,75.5010896317862,20
ACO,161,1529.5666390467595,75.5010896317862,20
ACO,162,1529.5666390467595,75.5010896317862,20
ACO,163,1529.5666390467595,75.5010896317862,20
ACO,164,1529.5666390467595,75.5010896317862,20
ACO,165,1529.5666390467595,75.5010896317862,20
ACO,166,1529.5666390467595,75.5010896317862,20
ACO,167,1529.5666390467595,75.5010896317862,20
ACO,168,1529.5666390467595,75.5010896317862,20
ACO,169,1529.5666390467595,75.5010896317862,20
ACO,170,1529.5666390467595,75.5010896317862,20
ACO,171,1529.5666390467595,75.5010896317862,20
ACO,172,1529.5666390467595,75.5010896317862,20
ACO,173,1529.5666390467595,75.5010896317862,20
ACO,174,1529.5666390467595,75.5010896317862,20
ACO,175,1529.5666390467595,75.5010896317862,20
ACO,176,1529.0303723632644,75.58669909450958,20
ACO,177,1529.0303723632644,75.58669909450958,20
ACO,178,1529.0303723632644,75.58669909450958,20
ACO,179,1529.0303723632644,75.58669909450958,20
ACO,180,1529.0303723632644,75.58669909450958,20
ACO,181,1529.0303723632644,75.58669909450958,20
ACO,182,1529.0303723632644,75.58669909450958,20
ACO,183,1529.0303723632644,75.58669909450958,20
ACO,184,1529.0303723632644,75.58669909450958,20
ACO,185,1529.0303723632644,75.58669909450958,20
ACO,186,1529.0303723632644,75.58669909450958,20
ACO,187,1529.0303723632644,75.58669909450958,20
ACO,188,1525.5884700397403,80.10490455448561,20
ACO,189,1525.5884700397403,80.10490455448561,20
ACO,190,1525.5884700397403,80.10490455448561,20
ACO,191,1525.5884700397403,80.10490455448561,20
ACO,192,1525.5884700397403,80.10490455448561,20
ACO,193,1525.5884700397403,80.10490455448561,20
ACO,194,1525.5884700397403,80.10490455448561,20
ACO,195,1525.5884700397403,80.10490455448561,20
ACO,196,1525.5884700397403,80.10490455448561,20
ACO,197,1525.5884700397403,80.10490455448561,20
ACO,198,1525.3841033245726,80.14531385026038,20
ACO,199,1525.3841033245726,80.14531385026038,20
ACO,200,1525.3841033245726,80.14531385026038,20
ACO,201,1525.3841033245726,80.14531385026038,20
ACO,202,1525.3841033245726,80.14531385026038,20
ACO,203,1525.3841033245726,80.14531385026038,20
ACO,204,1525.3841033245726,80.14531385026038,20
ACO,205,1525.3841033245726,80.14531385026038,20
ACO,206,1525.3841033245726,80.14531385026038,20
ACO,207,1525.3841033245726,80.14531385026038,20
ACO,208,1525.3841033245726,80.14531385026038,20
ACO,209,1525.3841033245726,80.14531385026038,20
ACO,210,1525.3841033245726,80.14531385026038,20
ACO,211,1525.3841033245726,80.14531385026038,20
ACO,212,1525.275666838463,80.04657808808422,20
ACO,213,1525.275666838463,80.04657808808422,20
ACO,214,1525.275666838463,80.04657808808422,20
ACO,215,1524.989697346839,79.93663010955014,20
ACO,216,1524.989697346839,79.93663010955014,20
ACO,217,1524.989697346839,79.93663010955014,20
ACO,218,1524.989697346839,79.93663010955014,20
ACO,219,1524.989697346839,79.93663010955014,20
ACO,220,1524.989697346839,79.93663010955014,20
ACO,221,1524.989697346839,79.93663010955014,20
ACO,222,1523.7841801492434,80.78173809174132,20
ACO,223,1523.7841801492434,80.78173809174132,20
ACO,224,1523.7841801492434,80.78173809174132,20
ACO,225,1523.7841801492434,80.78173809174132,20
ACO,226,1523.1785348003082,80.48819143630291,20
ACO,227,1523.1785348003082,80.48819143630291,20
ACO,228,1523.1785348003082,80.48819143630291,20
ACO,229,1523.1785348003082,80.48819143630291,20
ACO,230,1523.1785348003082,80.48819143630291,20
ACO,231,1521.4432625153638,80.14957298963915,20
ACO,232,1521.4432625153638,80.14957298963915,20
ACO,233,1521.4432625153638,80.14957298963915,20
ACO,234,1521.4432625153638,80.14957298963915,20
ACO,235,1521.4432625153638,80.14957298963915,20
ACO,236,1521.4432625153638,80.14957298963915,20
ACO,237,1521.4432625153638,80.14957298963915,20
ACO,238,1521.4432625153638,80.14957298963915,20
ACO,239,1521.4432625153638,80.14957298963915,20
ACO,240,1521.4432625153638,80.14957298963915,20
ACO,241,1521.4432625153638,80.14957298963915,20
ACO,242,1521.4432625153638,80.14957298963915,20
ACO,243,1521.4432625153638,80.14957298963915,20
ACO,244,1521.4432625153638,80.14957298963915,20
ACO,245,1521.4432625153638,80.14957298963915,20
ACO,246,1521.3029057424249,80.02736227878466,20
ACO,247,1521.3029057424249,80.02736227878466,20
ACO,248,1521.3029057424249,80.02736227878466,20
ACO,249,1521.3029057424249,80.02736227878466,20
ACO,250,1521.0809166924846,80.14788936563882,20
ACO,251,1519.857397952891,80.43145713422174,20
ACO,252,1519.857397952891,80.43145713422174,20
ACO,253,1519.857397952891,80.43145713422174,20
ACO,254,1519.7313099287876,80.42618042195812,20
ACO,255,1519.7313099287876,80.42618042195812,20
ACO,256,1519.7313099287876,80.42618042195812,20
ACO,257,1519.7313099287876,80.42618042195812,20
ACO,258,1519.7313099287876,80.42618042195812,20
ACO,259,1519.7313099287876,80.42618042195812,20
ACO,260,1519.7313099287876,80.42618042195812,20
ACO,261,1519.7313099287876,80.42618042195812,20
ACO,262,1519.7313099287876,80.42618042195812,20
ACO,263,1519.7313099287876,80.42618042195812,20
ACO,264,1518.889076989643,80.6390981794081,20
ACO,265,1518.889076989643,80.6390981794081,20
ACO,266,1518.889076989643,80.6390981794081,20
ACO,267,1518.889076989643,80.6390981794081,20
ACO,268,1518.889076989643,80.6390981794081,20
ACO,269,1518.889076989643,80.6390981794081,20
ACO,270,1518.889076989643,80.6390981794081,20
ACO,271,1513.5224157961084,80.15040520850658,20
ACO,272,1513.3507434830592,80.24331597597126,20
ACO,273,1513.3507434830592,80.24331597597126,20
ACO,274,1513.3507434830592,80.24331597597126,20
ACO,275,1513.3507434830592,80.24331597597126,20
ACO,276,1513.3507434830592,80.24331597597126,20
ACO,277,1513.3507434830592,80.24331597597126,20
ACO,278,1513.3507434830592,80.24331597597126,20
ACO,279,1513.3507434830592,80.24331597597126,20
ACO,280,1513.3507434830592,80.24331597597126,20
ACO,281,1513.3507434830592,80.24331597597126,20
ACO,282,1513.3507434830592,80.24331597597126,20
ACO,283,1513.3507434830592,80.24331597597126,20
ACO,284,1513.3507434830592,80.24331597597126,20
ACO,285,1513.3507434830592,80.24331597597126,20
ACO,286,1513.3507434830592,80.24331597597126,20
ACO,287,1513.3507434830592,80.24331597597126,20
ACO,288,1513.3507434830592,80.24331597597126,20
ACO,289,1510.7307382218146,76.69143528461456,20
ACO,290,1510.7307382218146,76.69143528461456,20
ACO,291,1510.7307382218146,76.69143528461456,20
ACO,292,1510.7307382218146,76.69143528461456,20
ACO,293,1510.7307382218146,76.69143528461456,20
ACO,294,1510.7307382218146,76.69143528461456,20
ACO,295,1510.7307382218146,76.69143528461456,20
ACO,296,1510.7307382218146,76.69143528461456,20
ACO,297,1510.7307382218146,76.69143528461456,20
ACO,298,1510.7307382218146,76.69143528461456,20
ACO,299,1510.7307382218146,76.69143528461456,20
ACO,300,1510.7307382218146,76.69143528461456,20
ACO,301,1510.7307382218146,76.69143528461456,20
ACO,302,1510.7307382218146,76.69143528461456,20
ACO,303,1510.7307382218146,76.69143528461456,20
ACO,304,1510.7307382218146,76.69143528461456,20
ACO,305,1510.7307382218146,76.69143528461456,20
ACO,306,1510.7307382218146,76.69143528461456,20
ACO,307,1510.7307382218146,76.69143528461456,20
ACO,308,1510.7307382218146,76.69143528461456,20
ACO,309,1510.7307382218146,76.69143528461456,20
ACO,310,1510.7307382218146,76.69143528461456,20
ACO,311,1510.7307382218146,76.69143528461456,20
ACO,312,1510.7307382218146,76.69143528461456,20
ACO,313,1510.7307382218146,76.69143528461456,20
ACO,314,1510.7307382218146,76.69143528461456,20
ACO,315,1510.7307382218146,76.69143528461456,20
ACO,316,1510.7307382218146,76.69143528461456,20
ACO,317,1510.7307382218146,76.69143528461456,20
ACO,318,1510.7307382218146,76.69143528461456,20
ACO,319,1510.7307382218146,76.69143528461456,20
ACO,320,1510.7307382218146,76.69143528461456,20
ACO,321,1510.7307382218146,76.69143528461456,20
ACO,322,1510.7307382218146,76.69143528461456,20
ACO,323,1510.7307382218146,76.69143528461456,20
ACO,324,1510.7307382218146,76.69143528461456,20
ACO,325,1510.7307382218146,76.69143528461456,20
ACO,326,1510.7307382218146,76.69143528461456,20
ACO,327,1510.7307382218146,76.69143528461456,20
ACO,328,1510.7307382218146,76.69143528461456,20
ACO,329,1510.574774322399,76.6750884769183,20
ACO,330,1510.4866286193785,76.71914362391078,20
ACO,331,1510.4866286193785,76.71914362391078,20
ACO,332,1510.4866286193785,76.71914362391078,20
ACO,333,1510.4866286193785,76.71914362391078,20
ACO,334,1510.4866286193785,76.71914362391078,20
ACO,335,1510.4866286193785,76.71914362391078,20
ACO,336,1510.4866286193785,76.71914362391078,20
ACO,337,1510.4315363217847,76.74769408617173,20
ACO,338,1510.4315363217847,76.74769408617173,20
ACO,339,1510.4315363217847,76.74769408617173,20
ACO,340,1510.4315363217847,76.74769408617173,20
ACO,341,1510.4315363217847,76.74769408617173,20
ACO,342,1510.4315363217847,76.74769408617173,20
ACO,343,1510.4315363217847,76.74769408617173,20
ACO,344,1510.4315363217847,76.74769408617173,20
ACO,345,1510.4315363217847,76.74769408617173,20
ACO,346,1510.4315363217847,76.74769408617173,20
ACO,347,1510.4315363217847,76.74769408617173,20
ACO,348,1510.4315363217847,76.74769408617173,20
ACO,349,1509.8089276218127,77.12434201937711,20
ACO,350,1509.8089276218127,77.12434201937711,20
ACO,351,1509.8089276218127,77.12434201937711,20
ACO,352,1509.8089276218127,77.12434201937711,20
ACO,353,1509.8089276218127,77.12434201937711,20
ACO,354,1509.8089276218127,77.12434201937711,20
ACO,355,1509.8089276218127,77.12434201937711,20
ACO,356,1509.8089276218127,77.12434201937711,20
ACO,357,1509.8089276218127,77.12434201937711,20
ACO,358,1509.8089276218127,77.12434201937711,20
ACO,359,1509.8089276218127,77.12434201937711,20
ACO,360,1509.8089276218127,77.12434201937711,20
ACO,361,1509.8089276218127,77.12434201937711,20
ACO,362,1509.8089276218127,77.12434201937711,20
ACO,363,1509.8089276218127,77.12434201937711,20
ACO,364,1509.8089276218127,77.12434201937711,20
ACO,365,1509.682326673947,77.01582236896516,20
ACO,366,1509.682326673947,77.01582236896516,20
ACO,367,1509.682326673947,77.01582236896516,20
ACO,368,1509.682326673947,77.01582236896516,20
ACO,369,1509.682326673947,77.01582236896516,20
ACO,370,1509.682326673947,77.01582236896516,20
ACO,371,1509.682326673947,77.01582236896516,20
ACO,372,1509.682326673947,77.01582236896516,20
ACO,373,1509.682326673947,77.01582236896516,20
ACO,374,1509.682326673947,77.01582236896516,20
ACO,375,1509.682326673947,77.01582236896516,20
ACO,376,1509.682326673947,77.01582236896516,20
ACO,377,1509.682326673947,77.01582236896516,20
ACO,378,1509.682326673947,77.01582236896516,20
ACO,379,1509.682326673947,77.01582236896516,20
ACO,380,1509.682326673947,77.01582236896516,20
ACO,381,1509.682326673947,77.01582236896516,20
ACO,382,1509.682326673947,77.01582236896516,20
ACO,383,1509.682326673947,77.01582236896516,20
ACO,384,1509.682326673947,77.01582236896516,20
ACO,385,1509.682326673947,77.01582236896516,20
ACO,386,1509.682326673947,77.01582236896516,20
ACO,387,1509.682326673947,77.01582236896516,20
ACO,388,1509.682326673947,77.01582236896516,20
ACO,389,1509.682326673947,77.01582236896516,20
ACO,390,1509.682326673947,77.01582236896516,20
ACO,391,1509.682326673947,77.01582236896516,20
ACO,392,1509.682326673947,77.01582236896516,20
ACO,393,1509.682326673947,77.01582236896516,20
ACO,394,1509.682326673947,77.01582236896516,20
ACO,395,1508.682091292929,77.87816855517907,20
ACO,396,1508.682091292929,77.87816855517907,20
ACO,397,1508.682091292929,77.87816855517907,20
ACO,398,1508.682091292929,77.87816855517907,20
ACO,399,1508.682091292929,77.87816855517907,20
ACO,400,1508.682091292929,77.87816855517907,20
ACO,401,1508.682091292929,77.87816855517907,20
ACO,402,1508.682091292929,77.87816855517907,20
ACO,403,1508.682091292929,77.87816855517907,20
ACO,404,1508.682091292929,77.87816855517907,20
ACO,405,1508.682091292929,77.87816855517907,20
ACO,406,1508.682091292929,77.87816855517907,20
ACO,407,1508.682091292929,77.87816855517907,20
ACO,408,1508.682091292929,77.87816855517907,20
ACO,409,1508.682091292929,77.87816855517907,20
ACO,410,1508.682091292929,77.87816855517907,20
ACO,411,1508.682091292929,77.87816855517907,20
ACO,412,1508.682091292929,77.87816855517907,20
ACO,413,1508.682091292929,77.87816855517907,20
ACO,414,1508.682091292929,77.87816855517907,20
ACO,415,1508.682091292929,77.87816855517907,20
ACO,416,1508.682091292929,77.87816855517907,20
ACO,417,1508.682091292929,77.87816855517907,20
ACO,418,1508.682091292929,77.87816855517907,20
ACO,419,1508.682091292929,77.87816855517907,20
ACO,420,1508.682091292929,77.87816855517907,20
ACO,421,1508.682091292929,77.87816855517907,20
ACO,422,1508.682091292929,77.87816855517907,20
ACO,423,1508.682091292929,77.87816855517907,20
ACO,424,1508.682091292929,77.87816855517907,20
ACO,425,1508.682091292929,77.87816855517907,20
ACO,426,1508.682091292929,77.87816855517907,20
ACO,427,1508.682091292929,77.87816855517907,20
ACO,428,1508.682091292929,77.87816855517907,20
ACO,429,1508.682091292929,77.87816855517907,20
ACO,430,1508.682091292929,77.87816855517907,20
ACO,431,1508.682091292929,77.87816855517907,20
ACO,432,1508.682091292929,77.87816855517907,20
ACO,433,1508.682091292929,77.87816855517907,20
ACO,434,1508.682091292929,77.87816855517907,20
ACO,435,1507.8801752733386,77.81928196076873,20
ACO,436,1507.8801752733386,77.81928196076873,20
ACO,437,1507.8801752733386,77.81928196076873,20
ACO,438,1507.8801752733386,77.81928196076873,20
ACO,439,1507.8801752733386,77.81928196076873,20
ACO,440,1507.8801752733386,77.81928196076873,20
ACO,441,1507.8801752733386,77.81928196076873,20
ACO,442,1507.8801752733386,77.81928196076873,20
ACO,443,1507.8801752733386,77.81928196076873,20
ACO,444,1507.8801752733386,77.81928196076873,20
ACO,445,1507.8801752733386,77.81928196076873,20
ACO,446,1507.8801752733386,77.81928196076873,20
ACO,447,1507.8801752733386,77.81928196076873,20
ACO,448,1507.8801752733386,77.81928196076873,20
ACO,449,1507.8801752733386,77.81928196076873,20
ACO,450,1507.8801752733386,77.81928196076873,20
ACO,451,1507.8801752733386,77.81928196076873,20
ACO,452,1507.5395654452618,77.90938973400955,20
ACO,453,1507.5395654452618,77.90938973400955,20
ACO,454,1506.8540314484326,78.49053386485163,20
ACO,455,1506.8540314484326,78.49053386485163,20
ACO,456,1506.8540314484326,78.49053386485163,20
ACO,457,1506.8540314484326,78.49053386485163,20
ACO,458,1506.8540314484326,78.49053386485163,20
ACO,459,1506.8540314484326,78.49053386485163,20
ACO,460,1506.8540314484326,78.49053386485163,20
ACO,461,1506.8540314484326,78.49053386485163,20
ACO,462,1506.8540314484326,78.49053386485163,20
ACO,463,1506.8540314484326,78.49053386485163,20
ACO,464,1506.8540314484326,78.49053386485163,20
ACO,465,1506.8540314484326,78.49053386485163,20
ACO,466,1506.8540314484326,78.49053386485163,20
ACO,467,1506.8540314484326,78.49053386485163,20
ACO,468,1506.8540314484326,78.49053386485163,20
ACO,469,1506.8540314484326,78.49053386485163,20
ACO,470,1506.8540314484326,78.49053386485163,20
ACO,471,1506.8540314484326,78.49053386485163,20
ACO,472,1506.8540314484326,78.49053386485163,20
ACO,473,1506.8540314484326,78.49053386485163,20
ACO,474,1506.8540314484326,78.49053386485163,20
ACO,475,1506.8540314484326,78.49053386485163,20
ACO,476,1506.8540314484326,78.49053386485163,20
ACO,477,1506.8540314484326,78.49053386485163,20
ACO,478,1506.8540314484326,78.49053386485163,20
ACO,479,1506.8540314484326,78.49053386485163,20
ACO,480,1506.8540314484326,78.49053386485163,20
ACO,481,1506.8540314484326,78.49053386485163,20
ACO,482,1506.8540314484326,78.49053386485163,20
ACO,483,1506.8540314484326,78.49053386485163,20
ACO,484,1506.8540314484326,78.49053386485163,20
ACO,485,1506.8540314484326,78.49053386485163,20
ACO,486,1506.8540314484326,78.49053386485163,20
ACO,487,1506.8540314484326,78.49053386485163,20
ACO,488,1506.8540314484326,78.49053386485163,20
ACO,489,1506.8540314484326,78.49053386485163,20
ACO,490,1506.8540314484326,78.49053386485163,20
ACO,491,1506.8540314484326,78.49053386485163,20
ACO,492,1506.8540314484326,78.49053386485163,20
ACO,493,1506.8540314484326,78.49053386485163,20
ACO,494,1506.8540314484326,78.49053386485163,20
ACO,495,1506.8540314484326,78.49053386485163,20
ACO,496,1506.8540314484326,78.49053386485163,20
ACO,497,1506.8540314484326,78.49053386485163,20
ACO,498,1506.8540314484326,78.49053386485163,20
ACO,499,1506.8540314484326,78.49053386485163,20
ACO,500,1506.8540314484326,78.49053386485163,20
ACO,501,1506.8540314484326,78.49053386485163,20
ACO,502,1506.8540314484326,78.49053386485163,20
ACO,503,1506.8540314484326,78.49053386485163,20
ACO,504,1506.8540314484326,78.49053386485163,20
ACO,505,1506.8540314484326,78.49053386485163,20
ACO,506,1506.5838518380265,78.670560695189,20
ACO,507,1506.5838518380265,78.670560695189,20
ACO,508,1505.9012280804768,78.92892946286624,20
ACO,509,1505.9012280804768,78.92892946286624,20
ACO,510,1505.9012280804768,78.92892946286624,20
ACO,511,1505.9012280804768,78.92892946286624,20
ACO,512,1505.9012280804768,78.92892946286624,20
ACO,513,1505.9012280804768,78.92892946286624,20
ACO,514,1505.9012280804768,78.92892946286624,20
ACO,515,1505.9012280804768,78.92892946286624,20
ACO,516,1505.9012280804768,78.92892946286624,20
ACO,517,1505.9012280804768,78.92892946286624,20
ACO,518,1505.9012280804768,78.92892946286624,20
ACO,519,1505.9012280804768,78.92892946286624,20
ACO,520,1505.9012280804768,78.92892946286624,20
ACO,521,1505.9012280804768,78.92892946286624,20
ACO,522,1505.9012280804768,78.92892946286624,20
ACO,523,1505.9012280804768,78.92892946286624,20
ACO,524,1505.9012280804768,78.92892946286624,20
ACO,525,1505.9012280804768,78.92892946286624,20
ACO,526,1505.9012280804768,78.92892946286624,20
ACO,527,1505.9012280804768,78.92892946286624,20
ACO,528,1505.9012280804768,78.92892946286624,20
ACO,529,1505.9012280804768,78.92892946286624,20
ACO,530,1505.9012280804768,78.92892946286624,20
ACO,531,1505.9012280804768,78.92892946286624,20
ACO,532,1505.9012280804768,78.92892946286624,20
ACO,533,1505.9012280804768,78.92892946286624,20
ACO,534,1504.619249003327,80.32423153975675,20
ACO,535,1504.619249003327,80.32423153975675,20
ACO,536,1504.619249003327,80.32423153975675,20
ACO,537,1504.619249003327,80.32423153975675,20
ACO,538,1504.619249003327,80.32423153975675,20
ACO,539,1504.619249003327,80.32423153975675,20
ACO,540,1504.619249003327,80.32423153975675,20
ACO,541,1504.619249003327,80.32423153975675,20
ACO,542,1504.619249003327,80.32423153975675,20
ACO,543,1504.619249003327,80.32423153975675,20
ACO,544,1504.619249003327,80.32423153975675,20
ACO,545,1504.619249003327,80.32423153975675,20
ACO,546,1504.619249003327,80.32423153975675,20
ACO,547,1504.619249003327,80.32423153975675,20
ACO,548,1504.619249003327,80.32423153975675,20
ACO,549,1504.619249003327,80.32423153975675,20
ACO,550,1504.619249003327,80.32423153975675,20
ACO,551,1504.619249003327,80.32423153975675,20
ACO,552,1504.619249003327,80.32423153975675,20
ACO,553,1504.619249003327,80.32423153975675,20
ACO,554,1504.619249003327,80.32423153975675,20
ACO,555,1504.619249003327,80.32423153975675,20
ACO,556,1504.619249003327,80.32423153975675,20
ACO,557,1504.619249003327,80.32423153975675,20
ACO,558,1504.619249003327,80.32423153975675,20
ACO,559,1504.619249003327,80.32423153975675,20
ACO,560,1504.619249003327,80.32423153975675,20
ACO,561,1504.619249003327,80.32423153975675,20
ACO,562,1504.619249003327,80.32423153975675,20
ACO,563,1504.619249003327,80.32423153975675,20
ACO,564,1504.6126370206855,80.32618236921114,20
ACO,565,1504.6126370206855,80.32618236921114,20
ACO,566,1504.6126370206855,80.32618236921114,20
ACO,567,1504.6126370206855,80.32618236921114,20
ACO,568,1504.6126370206855,80.32618236921114,20
ACO,569,1504.6126370206855,80.32618236921114,20
ACO,570,1504.6126370206855,80.32618236921114,20
ACO,571,1504.6126370206855,80.32618236921114,20
ACO,572,1504.6126370206855,80.32618236921114,20
ACO,573,1504.6126370206855,80.32618236921114,20
ACO,574,1504.6126370206855,80.32618236921114,20
ACO,575,1504.6126370206855,80.32618236921114,20
ACO,576,1504.6126370206855,80.32618236921114,20
ACO,577,1504.6126370206855,80.32618236921114,20
ACO,578,1504.6126370206855,80.32618236921114,20
ACO,579,1504.6126370206855,80.32618236921114,20
ACO,580,1504.6126370206855,80.32618236921114,20
ACO,581,1504.6126370206855,80.32618236921114,20
ACO,582,1504.6126370206855,80.32618236921114,20
ACO,583,1504.6126370206855,80.32618236921114,20
ACO,584,1504.6126370206855,80.32618236921114,20
ACO,585,1504.6126370206855,80.32618236921114,20
ACO,586,1504.6126370206855,80.32618236921114,20
ACO,587,1504.6126370206855,80.32618236921114,20
ACO,588,1504.6126370206855,80.32618236921114,20
ACO,589,1504.6126370206855,80.32618236921114,20
ACO,590,1504.6126370206855,80.32618236921114,20
ACO,591,1504.6126370206855,80.32618236921114,20
ACO,592,1504.6126370206855,80.32618236921114,20
ACO,593,1504.6126370206855,80.32618236921114,20
ACO,594,1504.6126370206855,80.32618236921114,20
ACO,595,1504.6126370206855,80.32618236921114,20
ACO,596,1504.6126370206855,80.32618236921114,20
ACO,597,1504.6126370206855,80.32618236921114,20
ACO,598,1504.6126370206855,80.32618236921114,20
ACO,599,1504.6126370206855,80.32618236921114,20
ACO,600,1504.6126370206855,80.32618236921114,20
ACO,601,1504.6126370206855,80.32618236921114,20
ACO,602,1504.6126370206855,80.32618236921114,20
ACO,603,1504.6126370206855,80.32618236921114,20
ACO,604,1504.6126370206855,80.32618236921114,20
ACO,605,1504.6126370206855,80.32618236921114,20
ACO,606,1504.6126370206855,80.32618236921114,20
ACO,607,1504.6126370206855,80.32618236921114,20
ACO,608,1504.6126370206855,80.32618236921114,20
ACO,609,1504.6126370206855,80.32618236921114,20
ACO,610,1504.6126370206855,80.32618236921114,20
ACO,611,1504.6126370206855,80.32618236921114,20
ACO,612,1504.6126370206855,80.32618236921114,20
ACO,613,1504.6126370206855,80.32618236921114,20
ACO,614,1504.6126370206855,80.32618236921114,20
ACO,615,1504.6126370206855,80.32618236921114,20
ACO,616,1504.6126370206855,80.32618236921114,20
ACO,617,1504.6126370206855,80.32618236921114,20
ACO,618,1504.6126370206855,80.32618236921114,20
ACO,619,1504.6126370206855,80.32618236921114,20
ACO,620,1504.6126370206855,80.32618236921114,20
ACO,621,1504.6126370206855,80.32618236921114,20
ACO,622,1504.6126370206855,80.32618236921114,20
ACO,623,1504.6126370206855,80.32618236921114,20
ACO,624,1504.6126370206855,80.32618236921114,20
ACO,625,1504.6126370206855,80.32618236921114,20
ACO,626,1504.6126370206855,80.32618236921114,20
ACO,627,1504.6126370206855,80.32618236921114,20
ACO,628,1504.6126370206855,80.32618236921114,20
ACO,629,1504.6126370206855,80.32618236921114,20
ACO,630,1504.6126370206855,80.32618236921114,20
ACO,631,1504.6126370206855,80.32618236921114,20
ACO,632,1504.6126370206855,80.32618236921114,20
ACO,633,1504.6126370206855,80.32618236921114,20
ACO,634,1504.6126370206855,80.32618236921114,20
ACO,635,1504.6126370206855,80.32618236921114,20
ACO,636,1504.6126370206855,80.32618236921114,20
ACO,637,1504.6126370206855,80.32618236921114,20
ACO,638,1504.6126370206855,80.32618236921114,20
ACO,639,1504.6126370206855,80.32618236921114,20
ACO,640,1504.6126370206855,80.32618236921114,20
ACO,641,1504.6126370206855,80.32618236921114,20
ACO,642,1504.6126370206855,80.32618236921114,20
ACO,643,1504.6126370206855,80.32618236921114,20
ACO,644,1504.6126370206855,80.32618236921114,20
ACO,645,1504.6126370206855,80.32618236921114,20
ACO,646,1504.6126370206855,80.32618236921114,20
ACO,647,1504.6126370206855,80.32618236921114,20
ACO,648,1504.6126370206855,80.32618236921114,20
ACO,649,1504.2337847477731,80.11103261360147,20
ACO,650,1503.8686577963902,80.3669492343441,20
ACO,651,1503.8686577963902,80.3669492343441,20
ACO,652,1503.8686577963902,80.3669492343441,20
ACO,653,1503.8686577963902,80.3669492343441,20
ACO,654,1503.8686577963902,80.3669492343441,20
ACO,655,1503.8686577963902,80.3669492343441,20
ACO,656,1503.8686577963902,80.3669492343441,20
ACO,657,1503.8686577963902,80.3669492343441,20
ACO,658,1503.8686577963902,80.3669492343441,20
ACO,659,1503.8686577963902,80.3669492343441,20
ACO,660,1503.8686577963902,80.3669492343441,20
ACO,661,1503.2665762514737,80.09581039586763,20
ACO,662,1503.2665762514737,80.09581039586763,20
ACO,663,1503.2665762514737,80.09581039586763,20
ACO,664,1503.2665762514737,80.09581039586763,20
ACO,665,1503.2665762514737,80.09581039586763,20
ACO,666,1503.2665762514737,80.09581039586763,20
ACO,667,1503.2665762514737,80.09581039586763,20
ACO,668,1503.2665762514737,80.09581039586763,20
ACO,669,1503.2665762514737,80.09581039586763,20
ACO,670,1503.2665762514737,80.09581039586763,20
ACO,671,1503.2665762514737,80.09581039586763,20
ACO,672,1503.2665762514737,80.09581039586763,20
ACO,673,1503.2665762514737,80.09581039586763,20
ACO,674,1503.2665762514737,80.09581039586763,20
ACO,675,1503.2665762514737,80.09581039586763,20
ACO,676,1503.2665762514737,80.09581039586763,20
ACO,677,1503.2665762514737,80.09581039586763,20
ACO,678,1503.2665762514737,80.09581039586763,20
ACO,679,1503.2665762514737,80.09581039586763,20
ACO,680,1503.2665762514737,80.09581039586763,20
ACO,681,1503.2665762514737,80.09581039586763,20
ACO,682,1503.2665762514737,80.09581039586763,20
ACO,683,1503.2665762514737,80.09581039586763,20
ACO,684,1503.2665762514737,80.09581039586763,20
ACO,685,1503.2665762514737,80.09581039586763,20
ACO,686,1503.2665762514737,80.09581039586763,20
ACO,687,1503.2665762514737,80.09581039586763,20
ACO,688,1503.2665762514737,80.09581039586763,20
ACO,689,1503.2665762514737,80.09581039586763,20
ACO,690,1503.2665762514737,80.09581039586763,20
ACO,691,1503.2665762514737,80.09581039586763,20
ACO,692,1503.2665762514737,80.09581039586763,20
ACO,693,1503.2665762514737,80.09581039586763,20
ACO,694,1503.2665762514737,80.09581039586763,20
ACO,695,1503.2665762514737,80.09581039586763,20
ACO,696,1503.2665762514737,80.09581039586763,20
ACO,697,1503.2665762514737,80.09581039586763,20
ACO,698,1502.3164487371691,80.90733438785372,20
ACO,699,1502.3164487371691,80.90733438785372,20
ACO,700,1502.3164487371691,80.90733438785372,20
ACO,701,1502.3164487371691,80.90733438785372,20
ACO,702,1502.3164487371691,80.90733438785372,20
ACO,703,1502.3164487371691,80.90733438785372,20
ACO,704,1502.3164487371691,80.90733438785372,20
ACO,705,1502.3164487371691,80.90733438785372,20
ACO,706,1502.3164487371691,80.90733438785372,20
ACO,707,1502.3164487371691,80.90733438785372,20
ACO,708,1502.096841457603,80.97121660370817,20
ACO,709,1501.3877970875958,81.25820235473047,20
ACO,710,1501.3877970875958,81.25820235473047,20
ACO,711,1501.3877970875958,81.25820235473047,20
ACO,712,1501.3877970875958,81.25820235473047,20
ACO,713,1501.3877970875958,81.25820235473047,20
ACO,714,1501.3877970875958,81.25820235473047,20
ACO,715,1501.3877970875958,81.25820235473047,20
ACO,716,1501.3877970875958,81.25820235473047,20
ACO,717,1501.3877970875958,81.25820235473047,20
ACO,718,1501.3877970875958,81.25820235473047,20
ACO,719,1501.3877970875958,81.25820235473047,20
ACO,720,1501.3877970875958,81.25820235473047,20
ACO,721,1501.3877970875958,81.25820235473047,20
ACO,722,1501.3877970875958,81.25820235473047,20
ACO,723,1501.3877970875958,81.25820235473047,20
ACO,724,1501.3877970875958,81.25820235473047,20
ACO,725,1501.3877970875958,81.25820235473047,20
ACO,726,1501.3877970875958,81.25820235473047,20
ACO,727,1501.3877970875958,81.25820235473047,20
ACO,728,1501.3877970875958,81.25820235473047,20
ACO,729,1501.3877970875958,81.25820235473047,20
ACO,730,1501.3877970875958,81.25820235473047,20
ACO,731,1501.3877970875958,81.25820235473047,20
ACO,732,1501.3877970875958,81.25820235473047,20
ACO,733,1501.3877970875958,81.25820235473047,20
ACO,734,1501.3877970875958,81.25820235473047,20
ACO,735,1501.3877970875958,81.25820235473047,20
ACO,736,1501.3877970875958,81.25820235473047,20
ACO,737,1501.3877970875958,81.25820235473047,20
ACO,738,1501.3877970875958,81.25820235473047,20
ACO,739,1501.3877970875958,81.25820235473047,20
ACO,740,1501.3877970875958,81.25820235473047,20
ACO,741,1501.3877970875958,81.25820235473047,20
ACO,742,1501.3877970875958,81.25820235473047,20
ACO,743,1501.3877970875958,81.25820235473047,20
ACO,744,1501.3877970875958,81.25820235473047,20
ACO,745,1501.3877970875958,81.25820235473047,20
ACO,746,1501.3877970875958,81.25820235473047,20
ACO,747,1501.3877970875958,81.25820235473047,20
ACO,748,1501.3877970875958,81.25820235473047,20
ACO,749,1501.3877970875958,81.25820235473047,20
ACO,750,1501.3877970875958,81.25820235473047,20
ACO,751,1501.3877970875958,81.25820235473047,20
ACO,752,1501.3877970875958,81.25820235473047,20
ACO,753,1501.3877970875958,81.25820235473047,20
ACO,754,1501.3877970875958,81.25820235473047,20
ACO,755,1501.3877970875958,81.25820235473047,20
ACO,756,1501.3877970875958,81.25820235473047,20
ACO,757,1501.3877970875958,81.25820235473047,20
ACO,758,1501.3877970875958,81.25820235473047,20
ACO,759,1501.3877970875958,81.25820235473047,20
ACO,760,1501.3877970875958,81.25820235473047,20
ACO,761,1501.3877970875958,81.25820235473047,20
ACO,762,1501.3877970875958,81.25820235473047,20
ACO,763,1498.9894259252846,83.12299858287052,20
ACO,764,1498.9894259252846,83.12299858287052,20
ACO,765,1498.9894259252846,83.12299858287052,20
ACO,766,1498.9894259252846,83.12299858287052,20
ACO,767,1498.8568599907112,83.22849973103916,20
ACO,768,1498.8568599907112,83.22849973103916,20
ACO,769,1497.7030727683882,84.87584024231481,20
ACO,770,1497.7030727683882,84.87584024231481,20
ACO,771,1497.7030727683882,84.87584024231481,20
ACO,772,1497.7030727683882,84.87584024231481,20
ACO,773,1497.7030727683882,84.87584024231481,20
ACO,774,1497.7030727683882,84.87584024231481,20
ACO,775,1497.7030727683882,84.87584024231481,20
ACO,776,1497.7030727683882,84.87584024231481,20
ACO,777,1497.7030727683882,84.87584024231481,20
ACO,778,1497.7030727683882,84.87584024231481,20
ACO,779,1497.7030727683882,84.87584024231481,20
ACO,780,1497.7030727683882,84.87584024231481,20
ACO,781,1497.7030727683882,84.87584024231481,20
ACO,782,1497.7030727683882,84.87584024231481,20
ACO,783,1497.7030727683882,84.87584024231481,20
ACO,784,1497.7030727683882,84.87584024231481,20
ACO,785,1497.7030727683882,84.87584024231481,20
ACO,786,1497.7030727683882,84.87584024231481,20
ACO,787,1497.7030727683882,84.87584024231481,20
ACO,788,1497.7030727683882,84.87584024231481,20
ACO,789,1497.7030727683882,84.87584024231481,20
ACO,790,1497.7030727683882,84.87584024231481,20
ACO,791,1497.7030727683882,84.87584024231481,20
ACO,792,1497.7030727683882,84.87584024231481,20
ACO,793,1497.7030727683882,84.87584024231481,20
ACO,794,1497.7030727683882,84.87584024231481,20
ACO,795,1497.7030727683882,84.87584024231481,20
ACO,796,1497.7030727683882,84.87584024231481,20
ACO,797,1497.7030727683882,84.87584024231481,20
ACO,798,1497.7030727683882,84.87584024231481,20
ACO,799,1497.7030727683882,84.87584024231481,20
ACO,800,1497.7030727683882,84.87584024231481,20
ACO,801,1497.7030727683882,84.87584024231481,20
ACO,802,1497.7030727683882,84.87584024231481,20
ACO,803,1497.7030727683882,84.87584024231481,20
ACO,804,1497.7030727683882,84.87584024231481,20
ACO,805,1497.7030727683882,84.87584024231481,20
ACO,806,1497.7030727683882,84.87584024231481,20
ACO,807,1497.7030727683882,84.87584024231481,20
ACO,808,1497.7030727683882,84.87584024231481,20
ACO,809,1497.7030727683882,84.87584024231481,20
ACO,810,1497.7030727683882,84.87584024231481,20
ACO,811,1497.7030727683882,84.87584024231481,20
ACO,812,1497.7030727683882,84.87584024231481,20
ACO,813,1497.7030727683882,84.87584024231481,20
ACO,814,1497.7030727683882,84.87584024231481,20
ACO,815,1497.7030727683882,84.87584024231481,20
ACO,816,1497.7030727683882,84.87584024231481,20
ACO,817,1497.7030727683882,84.87584024231481,20
ACO,818,1495.692359480987,83.17577824764548,20
ACO,819,1495.692359480987,83.17577824764548,20
ACO,820,1495.692359480987,83.17577824764548,20
ACO,821,1495.692359480987,83.17577824764548,20
ACO,822,1495.692359480987,83.17577824764548,20
ACO,823,1495.692359480987,83.17577824764548,20
ACO,824,1495.692359480987,83.17577824764548,20
ACO,825,1495.692359480987,83.17577824764548,20
ACO,826,1495.692359480987,83.17577824764548,20
ACO,827,1495.692359480987,83.17577824764548,20
ACO,828,1495.692359480987,83.17577824764548,20
ACO,829,1495.692359480987,83.17577824764548,20
ACO,830,1495.692359480987,83.17577824764548,20
ACO,831,1495.692359480987,83.17577824764548,20
ACO,832,1495.692359480987,83.17577824764548,20
ACO,833,1495.692359480987,83.17577824764548,20
ACO,834,1494.4050856765596,84.35999939977624,20
ACO,835,1494.4050856765596,84.35999939977624,20
ACO,836,1494.4050856765596,84.35999939977624,20
ACO,837,1494.4050856765596,84.35999939977624,20
ACO,838,1494.4050856765596,84.35999939977624,20
ACO,839,1494.4050856765596,84.35999939977624,20
ACO,840,1494.4050856765596,84.35999939977624,20
ACO,841,1494.4050856765596,84.35999939977624,20
ACO,842,1494.4050856765596,84.35999939977624,20
ACO,843,1494.4050856765596,84.35999939977624,20
ACO,844,1494.4050856765596,84.35999939977624,20
ACO,845,1494.4050856765596,84.35999939977624,20
ACO,846,1494.4050856765596,84.35999939977624,20
ACO,847,1494.4050856765596,84.35999939977624,20
ACO,848,1494.4050856765596,84.35999939977624,20
ACO,849,1494.4050856765596,84.35999939977624,20
ACO,850,1494.4050856765596,84.35999939977624,20
ACO,851,1494.4050856765596,84.35999939977624,20
ACO,852,1494.4050856765596,84.35999939977624,20
ACO,853,1494.4050856765596,84.35999939977624,20
ACO,854,1494.4050856765596,84.35999939977624,20
ACO,855,1494.4050856765596,84.35999939977624,20
ACO,856,1494.4050856765596,84.35999939977624,20
ACO,857,1494.4050856765596,84.35999939977624,20
ACO,858,1494.4050856765596,84.35999939977624,20
ACO,859,1494.4050856765596,84.35999939977624,20
ACO,860,1494.4050856765596,84.35999939977624,20
ACO,861,1494.4050856765596,84.35999939977624,20
ACO,862,1494.4050856765596,84.35999939977624,20
ACO,863,1494.4050856765596,84.35999939977624,20
ACO,864,1494.4050856765596,84.35999939977624,20
ACO,865,1492.2012098194962,83.90421563745969,20
ACO,866,1492.2012098194962,83.90421563745969,20
ACO,867,1492.2012098194962,83.90421563745969,20
ACO,868,1492.2012098194962,83.90421563745969,20
ACO,869,1492.2012098194962,83.90421563745969,20
ACO,870,1492.2012098194962,83.90421563745969,20
ACO,871,1492.2012098194962,83.90421563745969,20
ACO,872,1492.2012098194962,83.90421563745969,20
ACO,873,1492.2012098194962,83.90421563745969,20
ACO,874,1492.2012098194962,83.90421563745969,20
ACO,875,1492.2012098194962,83.90421563745969,20
ACO,876,1492.2012098194962,83.90421563745969,20
ACO,877,1492.2012098194962,83.90421563745969,20
ACO,878,1492.2012098194962,83.90421563745969,20
ACO,879,1492.2012098194962,83.90421563745969,20
ACO,880,1492.2012098194962,83.90421563745969,20
ACO,881,1492.2012098194962,83.90421563745969,20
ACO,882,1492.2012098194962,83.90421563745969,20
ACO,883,1492.2012098194962,83.90421563745969,20
ACO,884,1492.2012098194962,83.90421563745969,20
ACO,885,1492.2012098194962,83.90421563745969,20
ACO,886,1492.2012098194962,83.90421563745969,20
ACO,887,1492.2012098194962,83.90421563745969,20
ACO,888,1492.2012098194962,83.90421563745969,20
ACO,889,1492.2012098194962,83.90421563745969,20
ACO,890,1492.2012098194962,83.90421563745969,20
ACO,891,1492.2012098194962,83.90421563745969,20
ACO,892,1492.2012098194962,83.90421563745969,20
ACO,893,1492.2012098194962,83.90421563745969,20
ACO,894,1492.2012098194962,83.90421563745969,20
ACO,895,1492.2012098194962,83.90421563745969,20
ACO,896,1492.2012098194962,83.90421563745969,20
ACO,897,1492.2012098194962,83.90421563745969,20
ACO,898,1492.2012098194962,83.90421563745969,20
ACO,899,1491.7878741130514,83.43219278757478,20
ACO,900,1491.7878741130514,83.43219278757478,20
ACO,901,1491.7878741130514,83.43219278757478,20
ACO,902,1491.7878741130514,83.43219278757478,20
ACO,903,1491.7878741130514,83.43219278757478,20
ACO,904,1491.7878741130514,83.43219278757478,20
ACO,905,1491.7878741130514,83.43219278757478,20
ACO,906,1491.7878741130514,83.43219278757478,20
ACO,907,1491.7878741130514,83.43219278757478,20
ACO,908,1491.7878741130514,83.43219278757478,20
ACO,909,1491.7878741130514,83.43219278757478,20
ACO,910,1491.7878741130514,83.43219278757478,20
ACO,911,1491.7878741130514,83.43219278757478,20
ACO,912,1491.7878741130514,83.43219278757478,20
ACO,913,1491.7878741130514,83.43219278757478,20
ACO,914,1491.7878741130514,83.43219278757478,20
ACO,915,1491.7878741130514,83.43219278757478,20
ACO,916,1491.7878741130514,83.43219278757478,20
ACO,917,1491.7878741130514,83.43219278757478,20
ACO,918,1491.7878741130514,83.43219278757478,20
ACO,919,1491.7878741130514,83.43219278757478,20
ACO,920,1491.7878741130514,83.43219278757478,20
ACO,921,1491.7878741130514,83.43219278757478,20
ACO,922,1491.7878741130514,83.43219278757478,20
ACO,923,1491.7878741130514,83.43219278757478,20
ACO,924,1491.7878741130514,83.43219278757478,20
ACO,925,1491.7878741130514,83.43219278757478,20
ACO,926,1491.7878741130514,83.43219278757478,20
ACO,927,1491.7878741130514,83.43219278757478,20
ACO,928,1491.7878741130514,83.43219278757478,20
ACO,929,1491.7878741130514,83.43219278757478,20
ACO,930,1491.7878741130514,83.43219278757478,20
ACO,931,1491.7878741130514,83.43219278757478,20
ACO,932,1491.7878741130514,83.43219278757478,20
ACO,933,1491.7878741130514,83.43219278757478,20
ACO,934,1491.7878741130514,83.43219278757478,20
ACO,935,1491.7878741130514,83.43219278757478,20
ACO,936,1491.7878741130514,83.43219278757478,20
ACO,937,1491.7878741130514,83.43219278757478,20
ACO,938,1491.7878741130514,83.43219278757478,20
ACO,939,1491.7878741130514,83.43219278757478,20
ACO,940,1491.7878741130514,83.43219278757478,20
ACO,941,1491.7878741130514,83.43219278757478,20
ACO,942,1491.7878741130514,83.43219278757478,20
ACO,943,1491.7878741130514,83.43219278757478,20
ACO,944,1491.7878741130514,83.43219278757478,20
ACO,945,1491.7878741130514,83.43219278757478,20
ACO,946,1491.7878741130514,83.43219278757478,20
ACO,947,1491.7878741130514,83.43219278757478,20
ACO,948,1491.7878741130514,83.43219278757478,20
ACO,949,1491.7878741130514,83.43219278757478,20
ACO,950,1491.7878741130514,83.43219278757478,20
ACO,951,1491.7878741130514,83.43219278757478,20
ACO,952,1491.7878741130514,83.43219278757478,20
ACO,953,1491.7878741130514,83.43219278757478,20
ACO,954,1491.7878741130514,83.43219278757478,20
ACO,955,1491.7878741130514,83.43219278757478,20
ACO,956,1491.7878741130514,83.43219278757478,20
ACO,957,1491.7878741130514,83.43219278757478,20
ACO,958,1491.7878741130514,83.43219278757478,20
ACO,959,1491.7878741130514,83.43219278757478,20
ACO,960,1491.7878741130514,83.43219278757478,20
ACO,961,1491.7878741130514,83.43219278757478,20
ACO,962,1491.7878741130514,83.43219278757478,20
ACO,963,1491.7878741130514,83.43219278757478,20
ACO,964,1491.7878741130514,83.43219278757478,20
ACO,965,1491.7878741130514,83.43219278757478,20
ACO,966,1491.7878741130514,83.43219278757478,20
ACO,967,1491.7878741130514,83.43219278757478,20
ACO,968,1491.7878741130514,83.43219278757478,20
ACO,969,1491.7878741130514,83.43219278757478,20
ACO,970,1491.7878741130514,83.43219278757478,20
ACO,971,1491.7878741130514,83.43219278757478,20
ACO,972,1491.7878741130514,83.43219278757478,20
ACO,973,1491.7878741130514,83.43219278757478,20
ACO,974,1491.7878741130514,83.43219278757478,20
ACO,975,1491.7878741130514,83.43219278757478,20
ACO,976,1491.7878741130514,83.43219278757478,20
ACO,977,1491.7878741130514,83.43219278757478,20
ACO,978,1491.7878741130514,83.43219278757478,20
ACO,979,1491.7878741130514,83.43219278757478,20
ACO,980,1491.7878741130514,83.43219278757478,20
ACO,981,1491.7878741130514,83.43219278757478,20
ACO,982,1491.7878741130514,83.43219278757478,20
ACO,983,1491.7878741130514,83.43219278757478,20
ACO,984,1491.7878741130514,83.43219278757478,20
ACO,985,1491.7878741130514,83.43219278757478,20
ACO,986,1491.7878741130514,83.43219278757478,20
ACO,987,1491.7878741130514,83.43219278757478,20
ACO,988,1491.7878741130514,83.43219278757478,20
ACO,989,1491.7878741130514,83.43219278757478,20
ACO,990,1491.7878741130514,83.43219278757478,20
ACO,991,1491.7878741130514,83.43219278757478,20
ACO,992,1491.7878741130514,83.43219278757478,20
ACO,993,1491.7878741130514,83.43219278757478,20
ACO,994,1491.7878741130514,83.43219278757478,20
ACO,995,1491.7878741130514,83.43219278757478,20
ACO,996,1491.7878741130514,83.43219278757478,20
ACO,997,1491.7878741130514,83.43219278757478,20
ACO,998,1491.7878741130514,83.43219278757478,20
ACO,999,1491.7878741130514,83.43219278757478,20
ACO,1000,1491.7878741130514,83.43219278757478,20
ACO,1001,1491.7878741130514,83.43219278757478,20
ACO,1002,1491.7878741130514,83.43219278757478,20
ACO,1003,1491.7878741130514,83.43219278757478,20
ACO,1004,1491.7878741130514,83.43219278757478,20
ACO,1005,1491.7878741130514,83.43219278757478,20
ACO,1006,1491.7878741130514,83.43219278757478,20
ACO,1007,1491.7878741130514,83.43219278757478,20
ACO,1008,1491.7878741130514,83.43219278757478,20
ACO,1009,1491.7878741130514,83.43219278757478,20
ACO,1010,1491.7878741130514,83.43219278757478,20
ACO,1011,1491.7878741130514,83.43219278757478,20
ACO,1012,1491.7878741130514,83.43219278757478,20
ACO,1013,1491.7878741130514,83.43219278757478,20
ACO,1014,1491.7878741130514,83.43219278757478,20
ACO,1015,1491.7878741130514,83.43219278757478,20
ACO,1016,1491.7878741130514,83.43219278757478,20
ACO,1017,1491.7878741130514,83.43219278757478,20
ACO,1018,1491.7878741130514,83.43219278757478,20
ACO,1019,1491.7878741130514,83.43219278757478,20
ACO,1020,1491.7878741130514,83.43219278757478,20
ACO,1021,1491.7878741130514,83.43219278757478,20
ACO,1022,1491.7878741130514,83.43219278757478,20
ACO,1023,1491.7878741130514,83.43219278757478,20
ACO,1024,1491.7878741130514,83.43219278757478,20
ACO,1025,1491.7878741130514,83.43219278757478,20
ACO,1026,1491.7878741130514,83.43219278757478,20
ACO,1027,1491.7878741130514,83.43219278757478,20
ACO,1028,1491.7878741130514,83.43219278757478,20
ACO,1029,1491.7878741130514,83.43219278757478,20
ACO,1030,1491.7878741130514,83.43219278757478,20
ACO,1031,1491.7878741130514,83.43219278757478,20
ACO,1032,1491.7878741130514,83.43219278757478,20
ACO,1033,1491.7878741130514,83.43219278757478,20
ACO,1034,1491.7878741130514,83.43219278757478,20
ACO,1035,1491.7878741130514,83.43219278757478,20
ACO,1036,1491.7878741130514,83.43219278757478,20
ACO,1037,1491.7878741130514,83.43219278757478,20
ACO,1038,1491.7878741130514,83.43219278757478,20
ACO,1039,1491.7878741130514,83.43219278757478,20
ACO,1040,1491.7878741130514,83.43219278757478,20
ACO,1041,1491.7878741130514,83.43219278757478,20
ACO,1042,1491.7878741130514,83.43219278757478,20
ACO,1043,1491.7878741130514,83.43219278757478,20
ACO,1044,1491.7878741130514,83.43219278757478,20
ACO,1045,1491.7878741130514,83.43219278757478,20
ACO,1046,1491.7878741130514,83.43219278757478,20
ACO,1047,1491.7878741130514,83.43219278757478,20
ACO,1048,1491.7878741130514,83.43219278757478,20
ACO,1049,1491.7878741130514,83.43219278757478,20
ACO,1050,1491.7878741130514,83.43219278757478,20
ACO,1051,1490.9621161325024,83.7291082638922,20
ACO,1052,1490.9621161325024,83.7291082638922,20
ACO,1053,1490.9621161325024,83.7291082638922,20
ACO,1054,1490.9621161325024,83.7291082638922,20
ACO,1055,1490.9621161325024,83.7291082638922,20
ACO,1056,1490.9621161325024,83.7291082638922,20
ACO,1057,1490.9621161325024,83.7291082638922,20
ACO,1058,1490.9621161325024,83.7291082638922,20
ACO,1059,1490.9621161325024,83.7291082638922,20
ACO,1060,1490.9621161325024,83.7291082638922,20
ACO,1061,1490.9621161325024,83.7291082638922,20
ACO,1062,1490.9621161325024,83.7291082638922,20
ACO,1063,1490.9621161325024,83.7291082638922,20
ACO,1064,1490.9621161325024,83.7291082638922,20
ACO,1065,1490.9621161325024,83.7291082638922,20
ACO,1066,1490.9621161325024,83.7291082638922,20
ACO,1067,1490.9621161325024,83.7291082638922,20
ACO,1068,1490.9621161325024,83.7291082638922,20
ACO,1069,1490.9621161325024,83.7291082638922,20
ACO,1070,1490.9621161325024,83.7291082638922,20
ACO,1071,1490.9621161325024,83.7291082638922,20
ACO,1072,1490.9621161325024,83.7291082638922,20
ACO,1073,1490.9621161325024,83.7291082638922,20
ACO,1074,1490.9621161325024,83.7291082638922,20
ACO,1075,1490.9621161325024,83.7291082638922,20
ACO,1076,1490.9621161325024,83.7291082638922,20
ACO,1077,1490.9621161325024,83.7291082638922,20
ACO,1078,1490.9621161325024,83.7291082638922,20
ACO,1079,1490.9621161325024,83.7291082638922,20
ACO,1080,1490.9621161325024,83.7291082638922,20
ACO,1081,1490.9621161325024,83.7291082638922,20
ACO,1082,1490.3259786296996,82.63660548891527,20
ACO,1083,1490.3259786296996,82.63660548891527,20
ACO,1084,1490.3259786296996,82.63660548891527,20
ACO,1085,1490.3259786296996,82.63660548891527,20
ACO,1086,1490.3259786296996,82.63660548891527,20
ACO,1087,1490.3259786296996,82.63660548891527,20
ACO,1088,1490.3259786296996,82.63660548891527,20
ACO,1089,1490.3259786296996,82.63660548891527,20
ACO,1090,1490.3259786296996,82.63660548891527,20
ACO,1091,1490.3259786296996,82.63660548891527,20
ACO,1092,1490.3259786296996,82.63660548891527,20
ACO,1093,1490.3259786296996,82.63660548891527,20
ACO,1094,1490.3259786296996,82.63660548891527,20
ACO,1095,1490.3259786296996,82.63660548891527,20
ACO,1096,1490.3259786296996,82.63660548891527,20
ACO,1097,1490.3259786296996,82.63660548891527,20
ACO,1098,1490.3259786296996,82.63660548891527,20
ACO,1099,1490.3259786296996,82.63660548891527,20
ACO,1100,1490.3259786296996,82.63660548891527,20
ACO,1101,1490.3259786296996,82.63660548891527,20
ACO,1102,1490.3259786296996,82.63660548891527,20
ACO,1103,1490.3259786296996,82.63660548891527,20
ACO,1104,1490.3259786296996,82.63660548891527,20
ACO,1105,1490.3259786296996,82.63660548891527,20
ACO,1106,1490.3259786296996,82.63660548891527,20
ACO,1107,1490.3259786296996,82.63660548891527,20
ACO,1108,1490.3259786296996,82.63660548891527,20
ACO,1109,1490.3259786296996,82.63660548891527,20
ACO,1110,1490.3259786296996,82.63660548891527,20
ACO,1111,1490.3259786296996,82.63660548891527,20
ACO,1112,1490.3259786296996,82.63660548891527,20
ACO,1113,1490.3259786296996,82.63660548891527,20
ACO,1114,1490.3259786296996,82.63660548891527,20
ACO,1115,1490.3259786296996,82.63660548891527,20
ACO,1116,1490.3259786296996,82.63660548891527,20
ACO,1117,1490.3259786296996,82.63660548891527,20
ACO,1118,1489.675681236661,81.82894191991524,20
ACO,1119,1489.675681236661,81.82894191991524,20
ACO,1120,1489.675681236661,81.82894191991524,20
ACO,1121,1489.675681236661,81.82894191991524,20
ACO,1122,1489.675681236661,81.82894191991524,20
ACO,1123,1489.675681236661,81.82894191991524,20
ACO,1124,1489.675681236661,81.82894191991524,20
ACO,1125,1489.675681236661,81.82894191991524,20
ACO,1126,1489.675681236661,81.82894191991524,20
ACO,1127,1489.675681236661,81.82894191991524,20
ACO,1128,1489.675681236661,81.82894191991524,20
ACO,1129,1489.675681236661,81.82894191991524,20
ACO,1130,1489.675681236661,81.82894191991524,20
ACO,1131,1489.675681236661,81.82894191991524,20
ACO,1132,1489.675681236661,81.82894191991524,20
ACO,1133,1489.675681236661,81.82894191991524,20
ACO,1134,1489.675681236661,81.82894191991524,20
ACO,1135,1489.675681236661,81.82894191991524,20
ACO,1136,1489.675681236661,81.82894191991524,20
ACO,1137,1489.675681236661,81.82894191991524,20
ACO,1138,1489.675681236661,81.82894191991524,20
ACO,1139,1489.675681236661,81.82894191991524,20
ACO,1140,1489.675681236661,81.82894191991524,20
ACO,1141,1489.675681236661,81.82894191991524,20
ACO,1142,1489.675681236661,81.82894191991524,20
ACO,1143,1489.675681236661,81.82894191991524,20
ACO,1144,1489.675681236661,81.82894191991524,20
ACO,1145,1489.675681236661,81.82894191991524,20
ACO,1146,1489.675681236661,81.82894191991524,20
ACO,1147,1489.675681236661,81.82894191991524,20
ACO,1148,1489.675681236661,81.82894191991524,20
ACO,1149,1489.675681236661,81.82894191991524,20
ACO,1150,1489.675681236661,81.82894191991524,20
ACO,1151,1489.675681236661,81.82894191991524,20
ACO,1152,1489.675681236661,81.82894191991524,20
ACO,1153,1489.675681236661,81.82894191991524,20
ACO,1154,1489.675681236661,81.82894191991524,20
ACO,1155,1489.675681236661,81.82894191991524,20
ACO,1156,1489.675681236661,81.82894191991524,20
ACO,1157,1489.675681236661,81.82894191991524,20
ACO,1158,1489.675681236661,81.82894191991524,20
ACO,1159,1489.675681236661,81.82894191991524,20
ACO,1160,1489.675681236661,81.82894191991524,20
ACO,1161,1489.675681236661,81.82894191991524,20
ACO,1162,1489.675681236661,81.82894191991524,20
ACO,1163,1489.675681236661,81.82894191991524,20
ACO,1164,1489.675681236661,81.82894191991524,20
ACO,1165,1489.675681236661,81.82894191991524,20
ACO,1166,1489.675681236661,81.82894191991524,20
ACO,1167,1489.675681236661,81.82894191991524,20
ACO,1168,1489.675681236661,81.82894191991524,20
ACO,1169,1489.675681236661,81.82894191991524,20
ACO,1170,1489.675681236661,81.82894191991524,20
ACO,1171,1489.675681236661,81.82894191991524,20
ACO,1172,1489.675681236661,81.82894191991524,20
ACO,1173,1489.675681236661,81.82894191991524,20
ACO,1174,1489.675681236661,81.82894191991524,20
ACO,1175,1489.675681236661,81.82894191991524,20
ACO,1176,1489.675681236661,81.82894191991524,20
ACO,1177,1489.675681236661,81.82894191991524,20
ACO,1178,1489.675681236661,81.82894191991524,20
ACO,1179,1489.675681236661,81.82894191991524,20
ACO,1180,1489.675681236661,81.82894191991524,20
ACO,1181,1489.675681236661,81.82894191991524,20
ACO,1182,1489.675681236661,81.82894191991524,20
ACO,1183,1489.675681236661,81.82894191991524,20
ACO,1184,1489.675681236661,81.82894191991524,20
ACO,1185,1489.675681236661,81.82894191991524,20
ACO,1186,1489.675681236661,81.82894191991524,20
ACO,1187,1489.675681236661,81.82894191991524,20
ACO,1188,1489.675681236661,81.82894191991524,20
ACO,1189,1489.675681236661,81.82894191991524,20
ACO,1190,1489.675681236661,81.82894191991524,20
ACO,1191,1489.675681236661,81.82894191991524,20
ACO,1192,1489.675681236661,81.82894191991524,20
ACO,1193,1489.675681236661,81.82894191991524,20
ACO,1194,1489.675681236661,81.82894191991524,20
ACO,1195,1489.675681236661,81.82894191991524,20
ACO,1196,1487.9373358693408,82.97528695269953,20
ACO,1197,1487.9373358693408,82.97528695269953,20
ACO,1198,1487.9373358693408,82.97528695269953,20
ACO,1199,1487.9373358693408,82.97528695269953,20
ACO,1200,1487.9373358693408,82.97528695269953,20
ACO,1201,1487.9373358693408,82.97528695269953,20
ACO,1202,1487.9373358693408,82.97528695269953,20
ACO,1203,1487.9373358693408,82.97528695269953,20
ACO,1204,1487.9373358693408,82.97528695269953,20
ACO,1205,1487.9373358693408,82.97528695269953,20
ACO,1206,1487.9373358693408,82.97528695269953,20
ACO,1207,1487.9373358693408,82.97528695269953,20
ACO,1208,1487.9373358693408,82.97528695269953,20
ACO,1209,1487.9373358693408,82.97528695269953,20
ACO,1210,1487.9373358693408,82.97528695269953,20
ACO,1211,1487.9373358693408,82.97528695269953,20
ACO,1212,1487.9373358693408,82.97528695269953,20
ACO,1213,1487.9373358693408,82.97528695269953,20
ACO,1214,1487.9373358693408,82.97528695269953,20
ACO,1215,1487.9373358693408,82.97528695269953,20
ACO,1216,1487.9373358693408,82.97528695269953,20
ACO,1217,1487.9373358693408,82.97528695269953,20
ACO,1218,1487.9373358693408,82.97528695269953,20
ACO,1219,1487.9373358693408,82.97528695269953,20
ACO,1220,1487.9373358693408,82.97528695269953,20
ACO,1221,1487.9373358693408,82.97528695269953,20
ACO,1222,1487.9373358693408,82.97528695269953,20
ACO,1223,1487.9373358693408,82.97528695269953,20
ACO,1224,1487.9373358693408,82.97528695269953,20
ACO,1225,1487.9373358693408,82.97528695269953,20
ACO,1226,1487.9373358693408,82.97528695269953,20
ACO,1227,1487.9373358693408,82.97528695269953,20
ACO,1228,1487.9373358693408,82.97528695269953,20
ACO,1229,1487.9373358693408,82.97528695269953,20
ACO,1230,1487.9373358693408,82.97528695269953,20
ACO,1231,1487.0982543148505,83.69534554623868,20
ACO,1232,1487.0982543148505,83.69534554623868,20
ACO,1233,1487.0982543148505,83.69534554623868,20
ACO,1234,1487.0982543148505,83.69534554623868,20
ACO,1235,1487.0982543148505,83.69534554623868,20
ACO,1236,1487.0982543148505,83.69534554623868,20
ACO,1237,1487.0982543148505,83.69534554623868,20
ACO,1238,1487.0982543148505,83.69534554623868,20
ACO,1239,1487.0982543148505,83.69534554623868,20
ACO,1240,1487.0982543148505,83.69534554623868,20
ACO,1241,1487.0982543148505,83.69534554623868,20
ACO,1242,1487.0982543148505,83.69534554623868,20
ACO,1243,1487.0982543148505,83.69534554623868,20
ACO,1244,1487.0982543148505,83.69534554623868,20
ACO,1245,1487.0982543148505,83.69534554623868,20
ACO,1246,1487.0982543148505,83.69534554623868,20
ACO,1247,1487.0982543148505,83.69534554623868,20
ACO,1248,1487.0982543148505,83.69534554623868,20
ACO,1249,1487.0982543148505,83.69534554623868,20
ACO,1250,1487.0982543148505,83.69534554623868,20
ACO,1251,1487.0982543148505,83.69534554623868,20
ACO,1252,1487.0982543148505,83.69534554623868,20
ACO,1253,1487.0982543148505,83.69534554623868,20
ACO,1254,1487.0982543148505,83.69534554623868,20
ACO,1255,1487.0982543148505,83.69534554623868,20
ACO,1256,1487.0982543148505,83.69534554623868,20
ACO,1257,1487.0982543148505,83.69534554623868,20
ACO,1258,1487.0982543148505,83.69534554623868,20
ACO,1259,1487.0982543148505,83.69534554623868,20
ACO,1260,1487.0982543148505,83.69534554623868,20
ACO,1261,1487.0982543148505,83.69534554623868,20
ACO,1262,1487.0982543148505,83.69534554623868,20
ACO,1263,1487.0982543148505,83.69534554623868,20
ACO,1264,1487.0982543148505,83.69534554623868,20
ACO,1265,1487.0982543148505,83.69534554623868,20
ACO,1266,1487.0982543148505,83.69534554623868,20
ACO,1267,1487.0982543148505,83.69534554623868,20
ACO,1268,1487.0982543148505,83.69534554623868,20
ACO,1269,1487.0982543148505,83.69534554623868,20
ACO,1270,1487.0982543148505,83.69534554623868,20
ACO,1271,1487.0982543148505,83.69534554623868,20
ACO,1272,1487.0982543148505,83.69534554623868,20
ACO,1273,1487.0982543148505,83.69534554623868,20
ACO,1274,1487.0982543148505,83.69534554623868,20
ACO,1275,1487.0982543148505,83.69534554623868,20
ACO,1276,1487.0982543148505,83.69534554623868,20
ACO,1277,1487.0982543148505,83.69534554623868,20
ACO,1278,1487.0982543148505,83.69534554623868,20
ACO,1279,1487.0982543148505,83.69534554623868,20
ACO,1280,1487.0982543148505,83.69534554623868,20
ACO,1281,1487.0982543148505,83.69534554623868,20
ACO,1282,1487.0982543148505,83.69534554623868,20
ACO,1283,1487.0982543148505,83.69534554623868,20
ACO,1284,1487.0982543148505,83.69534554623868,20
ACO,1285,1487.0982543148505,83.69534554623868,20
ACO,1286,1487.0982543148505,83.69534554623868,20
ACO,1287,1487.0982543148505,83.69534554623868,20
ACO,1288,1487.0982543148505,83.69534554623868,20
ACO,1289,1487.0982543148505,83.69534554623868,20
ACO,1290,1487.0982543148505,83.69534554623868,20
ACO,1291,1487.0982543148505,83.69534554623868,20
ACO,1292,1487.0982543148505,83.69534554623868,20
ACO,1293,1487.0982543148505,83.69534554623868,20
ACO,1294,1487.0982543148505,83.69534554623868,20
ACO,1295,1487.0982543148505,83.69534554623868,20
ACO,1296,1487.0982543148505,83.69534554623868,20
ACO,1297,1487.0982543148505,83.69534554623868,20
ACO,1298,1487.0982543148505,83.69534554623868,20
ACO,1299,1487.0982543148505,83.69534554623868,20
ACO,1300,1487.0982543148505,83.69534554623868,20
ACO,1301,1487.0982543148505,83.69534554623868,20
ACO,1302,1487.0982543148505,83.69534554623868,20
ACO,1303,1487.0982543148505,83.69534554623868,20
ACO,1304,1487.0982543148505,83.69534554623868,20
ACO,1305,1487.0982543148505,83.69534554623868,20
ACO,1306,1487.0982543148505,83.69534554623868,20
ACO,1307,1487.0982543148505,83.69534554623868,20
ACO,1308,1487.0982543148505,83.69534554623868,20
ACO,1309,1487.0982543148505,83.69534554623868,20
ACO,1310,1487.0982543148505,83.69534554623868,20
ACO,1311,1487.0982543148505,83.69534554623868,20
ACO,1312,1487.0982543148505,83.69534554623868,20
ACO,1313,1487.0982543148505,83.69534554623868,20
ACO,1314,1487.0982543148505,83.69534554623868,20
ACO,1315,1487.0982543148505,83.69534554623868,20
ACO,1316,1487.0982543148505,83.69534554623868,20
ACO,1317,1487.0982543148505,83.69534554623868,20
ACO,1318,1487.0982543148505,83.69534554623868,20
ACO,1319,1487.0982543148505,83.69534554623868,20
ACO,1320,1487.0982543148505,83.69534554623868,20
ACO,1321,1487.0982543148505,83.69534554623868,20
ACO,1322,1487.0982543148505,83.69534554623868,20
ACO,1323,1487.0982543148505,83.69534554623868,20
ACO,1324,1486.5946555299572,84.2188710587864,20
ACO,1325,1486.5946555299572,84.2188710587864,20
ACO,1326,1486.5946555299572,84.2188710587864,20
ACO,1327,1486.5946555299572,84.2188710587864,20
ACO,1328,1486.5946555299572,84.2188710587864,20
ACO,1329,1486.5946555299572,84.2188710587864,20
ACO,1330,1486.5946555299572,84.2188710587864,20
ACO,1331,1486.5946555299572,84.2188710587864,20
ACO,1332,1486.5946555299572,84.2188710587864,20
ACO,1333,1486.5946555299572,84.2188710587864,20
ACO,1334,1486.5946555299572,84.2188710587864,20
ACO,1335,1486.5946555299572,84.2188710587864,20
ACO,1336,1486.5946555299572,84.2188710587864,20
ACO,1337,1486.5946555299572,84.2188710587864,20
ACO,1338,1486.5946555299572,84.2188710587864,20
ACO,1339,1486.5946555299572,84.2188710587864,20
ACO,1340,1486.5946555299572,84.2188710587864,20
ACO,1341,1486.5946555299572,84.2188710587864,20
ACO,1342,1486.5946555299572,84.2188710587864,20
ACO,1343,1486.5946555299572,84.2188710587864,20
ACO,1344,1486.5946555299572,84.2188710587864,20
ACO,1345,1486.5946555299572,84.2188710587864,20
ACO,1346,1486.5946555299572,84.2188710587864,20
ACO,1347,1486.5946555299572,84.2188710587864,20
ACO,1348,1486.5946555299572,84.2188710587864,20
ACO,1349,1486.5946555299572,84.2188710587864,20
ACO,1350,1486.5946555299572,84.2188710587864,20
ACO,1351,1486.5946555299572,84.2188710587864,20
ACO,1352,1486.5946555299572,84.2188710587864,20
ACO,1353,1486.5946555299572,84.2188710587864,20
ACO,1354,1486.5946555299572,84.2188710587864,20
ACO,1355,1486.5946555299572,84.2188710587864,20
ACO,1356,1486.5946555299572,84.2188710587864,20
ACO,1357,1486.5946555299572,84.2188710587864,20
ACO,1358,1486.5946555299572,84.2188710587864,20
ACO,1359,1486.5946555299572,84.2188710587864,20
ACO,1360,1486.5946555299572,84.2188710587864,20
ACO,1361,1486.5946555299572,84.2188710587864,20
ACO,1362,1486.5946555299572,84.2188710587864,20
ACO,1363,1486.5946555299572,84.2188710587864,20
ACO,1364,1486.5946555299572,84.2188710587864,20
ACO,1365,1486.5946555299572,84.2188710587864,20
ACO,1366,1486.5946555299572,84.2188710587864,20
ACO,1367,1486.5946555299572,84.2188710587864,20
ACO,1368,1486.5946555299572,84.2188710587864,20
ACO,1369,1486.5946555299572,84.2188710587864,20
ACO,1370,1486.5946555299572,84.2188710587864,20
ACO,1371,1486.5946555299572,84.2188710587864,20
ACO,1372,1486.5946555299572,84.2188710587864,20
ACO,1373,1486.5946555299572,84.2188710587864,20
ACO,1374,1486.5946555299572,84.2188710587864,20
ACO,1375,1486.5946555299572,84.2188710587864,20
ACO,1376,1486.5946555299572,84.2188710587864,20
ACO,1377,1486.5946555299572,84.2188710587864,20
ACO,1378,1486.5946555299572,84.2188710587864,20
ACO,1379,1486.5946555299572,84.2188710587864,20
ACO,1380,1486.5946555299572,84.2188710587864,20
ACO,1381,1486.5946555299572,84.2188710587864,20
ACO,1382,1486.5946555299572,84.2188710587864,20
ACO,1383,1486.5946555299572,84.2188710587864,20
ACO,1384,1486.5946555299572,84.2188710587864,20
ACO,1385,1486.5946555299572,84.2188710587864,20
ACO,1386,1486.5946555299572,84.2188710587864,20
ACO,1387,1486.5946555299572,84.2188710587864,20
ACO,1388,1486.5946555299572,84.2188710587864,20
ACO,1389,1486.5946555299572,84.2188710587864,20
ACO,1390,1486.5946555299572,84.2188710587864,20
ACO,1391,1486.5946555299572,84.2188710587864,20
ACO,1392,1486.5946555299572,84.2188710587864,20
ACO,1393,1486.5946555299572,84.2188710587864,20
ACO,1394,1486.5946555299572,84.2188710587864,20
ACO,1395,1486.5946555299572,84.2188710587864,20
ACO,1396,1486.5946555299572,84.2188710587864,20
ACO,1397,1486.5946555299572,84.2188710587864,20
ACO,1398,1486.5946555299572,84.2188710587864,20
ACO,1399,1486.5946555299572,84.2188710587864,20
ACO,1400,1486.5946555299572,84.2188710587864,20
ACO,1401,1486.5946555299572,84.2188710587864,20
ACO,1402,1486.5946555299572,84.2188710587864,20
ACO,1403,1486.5946555299572,84.2188710587864,20
ACO,1404,1486.5946555299572,84.2188710587864,20
ACO,1405,1486.5946555299572,84.2188710587864,20
ACO,1406,1486.5946555299572,84.2188710587864,20
ACO,1407,1486.5946555299572,84.2188710587864,20
ACO,1408,1486.5946555299572,84.2188710587864,20
ACO,1409,1486.5946555299572,84.2188710587864,20
ACO,1410,1486.5946555299572,84.2188710587864,20
ACO,1411,1486.5946555299572,84.2188710587864,20
ACO,1412,1486.5946555299572,84.2188710587864,20
ACO,1413,1486.5946555299572,84.2188710587864,20
ACO,1414,1486.5946555299572,84.2188710587864,20
ACO,1415,1486.5946555299572,84.2188710587864,20
ACO,1416,1486.5946555299572,84.2188710587864,20
ACO,1417,1486.5946555299572,84.2188710587864,20
ACO,1418,1486.5946555299572,84.2188710587864,20
ACO,1419,1486.5946555299572,84.2188710587864,20
ACO,1420,1486.5946555299572,84.2188710587864,20
ACO,1421,1486.5946555299572,84.2188710587864,20
ACO,1422,1486.5946555299572,84.2188710587864,20
ACO,1423,1486.5946555299572,84.2188710587864,20
ACO,1424,1486.5946555299572,84.2188710587864,20
ACO,1425,1486.5946555299572,84.2188710587864,20
ACO,1426,1486.5946555299572,84.2188710587864,20
ACO,1427,1486.5946555299572,84.2188710587864,20
ACO,1428,1486.5946555299572,84.2188710587864,20
ACO,1429,1486.5946555299572,84.2188710587864,20
ACO,1430,1486.5946555299572,84.2188710587864,20
ACO,1431,1486.5946555299572,84.2188710587864,20
ACO,1432,1486.5946555299572,84.2188710587864,20
ACO,1433,1486.5946555299572,84.2188710587864,20
ACO,1434,1486.5946555299572,84.2188710587864,20
ACO,1435,1486.5946555299572,84.2188710587864,20
ACO,1436,1486.5946555299572,84.2188710587864,20
ACO,1437,1486.5946555299572,84.2188710587864,20
ACO,1438,1486.5946555299572,84.2188710587864,20
ACO,1439,1486.5946555299572,84.2188710587864,20
ACO,1440,1486.5946555299572,84.2188710587864,20
ACO,1441,1486.5946555299572,84.2188710587864,20
ACO,1442,1486.5946555299572,84.2188710587864,20
ACO,1443,1486.5946555299572,84.2188710587864,20
ACO,1444,1486.5946555299572,84.2188710587864,20
ACO,1445,1486.5946555299572,84.2188710587864,20
ACO,1446,1486.5946555299572,84.2188710587864,20
ACO,1447,1486.5946555299572,84.2188710587864,20
ACO,1448,1486.5946555299572,84.2188710587864,20
ACO,1449,1486.5946555299572,84.2188710587864,20
ACO,1450,1486.5946555299572,84.2188710587864,20
ACO,1451,1486.5946555299572,84.2188710587864,20
ACO,1452,1486.5946555299572,84.2188710587864,20
ACO,1453,1486.5946555299572,84.2188710587864,20
ACO,1454,1486.5946555299572,84.2188710587864,20
ACO,1455,1486.5946555299572,84.2188710587864,20
ACO,1456,1486.5946555299572,84.2188710587864,20
ACO,1457,1486.5946555299572,84.2188710587864,20
ACO,1458,1486.5946555299572,84.2188710587864,20
ACO,1459,1486.5946555299572,84.2188710587864,20
ACO,1460,1486.5946555299572,84.2188710587864,20
ACO,1461,1486.5946555299572,84.2188710587864,20
ACO,1462,1486.5946555299572,84.2188710587864,20
ACO,1463,1486.5946555299572,84.2188710587864,20
ACO,1464,1486.5946555299572,84.2188710587864,20
ACO,1465,1486.5946555299572,84.2188710587864,20
ACO,1466,1486.5946555299572,84.2188710587864,20
ACO,1467,1486.5946555299572,84.2188710587864,20
ACO,1468,1486.5946555299572,84.2188710587864,20
ACO,1469,1486.5946555299572,84.2188710587864,20
ACO,1470,1486.5946555299572,84.2188710587864,20
ACO,1471,1486.5946555299572,84.2188710587864,20
ACO,1472,1485.881766750302,83.38745332512354,20
ACO,1473,1485.881766750302,83.38745332512354,20
ACO,1474,1485.881766750302,83.38745332512354,20
ACO,1475,1485.881766750302,83.38745332512354,20
ACO,1476,1485.881766750302,83.38745332512354,20
ACO,1477,1485.881766750302,83.38745332512354,20
ACO,1478,1485.881766750302,83.38745332512354,20
ACO,1479,1485.881766750302,83.38745332512354,20
ACO,1480,1485.881766750302,83.38745332512354,20
ACO,1481,1485.881766750302,83.38745332512354,20
ACO,1482,1485.881766750302,83.38745332512354,20
ACO,1483,1485.881766750302,83.38745332512354,20
ACO,1484,1485.881766750302,83.38745332512354,20
ACO,1485,1485.881766750302,83.38745332512354,20
ACO,1486,1485.881766750302,83.38745332512354,20
ACO,1487,1485.881766750302,83.38745332512354,20
ACO,1488,1485.881766750302,83.38745332512354,20
ACO,1489,1485.881766750302,83.38745332512354,20
ACO,1490,1485.881766750302,83.38745332512354,20
ACO,1491,1485.5265146108402,83.47603199803449,20
ACO,1492,1485.5265146108402,83.47603199803449,20
ACO,1493,1485.5265146108402,83.47603199803449,20
ACO,1494,1485.5265146108402,83.47603199803449,20
ACO,1495,1485.5265146108402,83.47603199803449,20
ACO,1496,1485.5265146108402,83.47603199803449,20
ACO,1497,1485.5265146108402,83.47603199803449,20
ACO,1498,1485.5265146108402,83.47603199803449,20
ACO,1499,1485.5265146108402,83.47603199803449,20
ACO,1500,1485.5265146108402,83.47603199803449,20
GA,1,3235.7710697263324,211.40435745812016,20
GA,2,3175.122969689746,184.39359391333136,20
GA,3,3170.8707731091627,184.76502394430807,20
GA,4,3170.8707731091627,184.76502394430807,20
GA,5,3170.8707731091627,184.76502394430807,20
GA,6,3170.8707731091627,184.76502394430807,20
GA,7,3170.8707731091627,184.76502394430807,20
GA,8,3170.8707731091627,184.76502394430807,20
GA,9,3170.8707731091627,184.76502394430807,20
GA,10,3170.8707731091627,184.76502394430807,20
GA,11,3170.8707731091627,184.76502394430807,20
GA,12,3170.8707731091627,184.76502394430807,20
GA,13,3170.8707731091627,184.76502394430807,20
GA,14,3170.8707731091627,184.76502394430807,20
GA,15,3170.8707731091627,184.76502394430807,20
GA,16,3170.8707731091627,184.76502394430807,20
GA,17,3170.8707731091627,184.76502394430807,20
GA,18,3170.8707731091627,184.76502394430807,20
GA,19,3170.8707731091627,184.76502394430807,20
GA,20,3170.8707731091627,184.76502394430807,20
GA,21,3170.8707731091627,184.76502394430807,20
GA,22,3170.8707731091627,184.76502394430807,20
GA,23,3170.8707731091627,184.76502394430807,20
GA,24,3170.8707731091627,184.76502394430807,20
GA,25,3170.8707731091627,184.76502394430807,20
GA,26,3170.8707731091627,184.76502394430807,20
GA,27,3170.8707731091627,184.76502394430807,20
GA,28,3170.8707731091627,184.76502394430807,20
GA,29,3170.8707731091627,184.76502394430807,20
GA,30,3170.8707731091627,184.76502394430807,20
GA,31,3170.8707731091627,184.76502394430807,20
GA,32,3170.8707731091627,184.76502394430807,20
GA,33,3170.8707731091627,184.76502394430807,20
GA,34,3170.8707731091627,184.76502394430807,20
GA,35,3170.8707731091627,184.76502394430807,20
GA,36,3170.8707731091627,184.76502394430807,20
GA,37,3170.8707731091627,184.76502394430807,20
GA,38,3170.8707731091627,184.76502394430807,20
GA,39,3170.8707731091627,184.76502394430807,20
GA,40,3170.8707731091627,184.76502394430807,20
GA,41,3170.8707731091627,184.76502394430807,20
GA,42,3170.8707731091627,184.76502394430807,20
GA,43,3170.8707731091627,184.76502394430807,20
GA,44,3170.8707731091627,184.76502394430807,20
GA,45,3170.8707731091627,184.76502394430807,20
GA,46,3170.8707731091627,184.76502394430807,20
GA,47,3170.8707731091627,184.76502394430807,20
GA,48,3170.8707731091627,184.76502394430807,20
GA,49,3170.8707731091627,184.76502394430807,20
GA,50,3170.8707731091627,184.76502394430807,20
GA,51,3170.8707731091627,184.76502394430807,20
GA,52,3170.8707731091627,184.76502394430807,20
GA,53,3170.8707731091627,184.76502394430807,20
GA,54,3170.8707731091627,184.76502394430807,20
GA,55,3170.8707731091627,184.76502394430807,20
GA,56,3170.8707731091627,184.76502394430807,20
GA,57,3170.8707731091627,184.76502394430807,20
GA,58,3170.8707731091627,184.76502394430807,20
GA,59,3170.8707731091627,184.76502394430807,20
GA,60,3170.8707731091627,184.76502394430807,20
GA,61,3170.8707731091627,184.76502394430807,20
GA,62,3170.8707731091627,184.76502394430807,20
GA,63,3170.8707731091627,184.76502394430807,20
GA,64,3170.8707731091627,184.76502394430807,20
GA,65,3170.8707731091627,184.76502394430807,20
GA,66,3170.8707731091627,184.76502394430807,20
GA,67,3170.8707731091627,184.76502394430807,20
GA,68,3170.8707731091627,184.76502394430807,20
GA,69,3170.8707731091627,184.76502394430807,20
GA,70,3170.8707731091627,184.76502394430807,20
GA,71,3170.8707731091627,184.76502394430807,20
GA,72,3170.8707731091627,184.76502394430807,20
GA,73,3170.8707731091627,184.76502394430807,20
GA,74,3170.8707731091627,184.76502394430807,20
GA,75,3170.8707731091627,184.76502394430807,20
GA,76,3170.8707731091627,184.76502394430807,20
GA,77,3170.8707731091627,184.76502394430807,20
GA,78,3170.8707731091627,184.76502394430807,20
GA,79,3170.8707731091627,184.76502394430807,20
GA,80,3170.8707731091627,184.76502394430807,20
GA,81,3170.8707731091627,184.76502394430807,20
GA,82,3170.8707731091627,184.76502394430807,20
GA,83,3170.8707731091627,184.76502394430807,20
GA,84,3170.8707731091627,184.76502394430807,20
GA,85,3170.8707731091627,184.76502394430807,20
GA,86,3170.8707731091627,184.76502394430807,20
GA,87,3170.8707731091627,184.76502394430807,20
GA,88,3170.8707731091627,184.76502394430807,20
GA,89,3170.8707731091627,184.76502394430807,20
GA,90,3170.8707731091627,184.76502394430807,20
GA,91,3170.8707731091627,184.76502394430807,20
GA,92,3170.8707731091627,184.76502394430807,20
GA,93,3170.8707731091627,184.76502394430807,20
GA,94,3170.8707731091627,184.76502394430807,20
GA,95,3170.8707731091627,184.76502394430807,20
GA,96,3170.8707731091627,184.76502394430807,20
GA,97,3170.8707731091627,184.76502394430807,20
GA,98,3170.8707731091627,184.76502394430807,20
GA,99,3170.8707731091627,184.76502394430807,20
GA,100,3170.8707731091627,184.76502394430807,20
GA,101,3170.8707731091627,184.76502394430807,20
GA,102,3170.8707731091627,184.76502394430807,20
GA,103,3170.8707731091627,184.76502394430807,20
GA,104,3170.8707731091627,184.76502394430807,20
GA,105,3170.8707731091627,184.76502394430807,20
GA,106,3170.8707731091627,184.76502394430807,20
GA,107,3170.8707731091627,184.76502394430807,20
GA,108,3170.8707731091627,184.76502394430807,20
GA,109,3170.8707731091627,184.76502394430807,20
GA,110,3170.8707731091627,184.76502394430807,20
GA,111,3170.8707731091627,184.76502394430807,20
GA,112,3170.8707731091627,184.76502394430807,20
GA,113,3170.8707731091627,184.76502394430807,20
GA,114,3170.8707731091627,184.76502394430807,20
GA,115,3170.8707731091627,184.76502394430807,20
GA,116,3170.8707731091627,184.76502394430807,20
GA,117,3170.8707731091627,184.76502394430807,20
GA,118,3170.8707731091627,184.76502394430807,20
GA,119,3170.8707731091627,184.76502394430807,20
GA,120,3170.8707731091627,184.76502394430807,20
GA,121,3170.8707731091627,184.76502394430807,20
GA,122,3170.8707731091627,184.76502394430807,20
GA,123,3170.8707731091627,184.76502394430807,20
GA,124,3170.8707731091627,184.76502394430807,20
GA,125,3170.8707731091627,184.76502394430807,20
GA,126,3170.8707731091627,184.76502394430807,20
GA,127,3170.8707731091627,184.76502394430807,20
GA,128,3170.8707731091627,184.76502394430807,20
GA,129,3170.8707731091627,184.76502394430807,20
GA,130,3170.8707731091627,184.76502394430807,20
GA,131,3170.8707731091627,184.76502394430807,20
GA,132,3170.8707731091627,184.76502394430807,20
GA,133,3170.8707731091627,184.76502394430807,20
GA,134,3170.8707731091627,184.76502394430807,20
GA,135,3170.8707731091627,184.76502394430807,20
GA,136,3170.8707731091627,184.76502394430807,20
GA,137,3170.8707731091627,184.76502394430807,20
GA,138,3170.8707731091627,184.76502394430807,20
GA,139,3170.8707731091627,184.76502394430807,20
GA,140,3170.8707731091627,184.76502394430807,20
GA,141,3170.8707731091627,184.76502394430807,20
GA,142,3170.8707731091627,184.76502394430807,20
GA,143,3170.8707731091627,184.76502394430807,20
GA,144,3170.8707731091627,184.76502394430807,20
GA,145,3170.8707731091627,184.76502394430807,20
GA,146,3170.8707731091627,184.76502394430807,20
GA,147,3170.8707731091627,184.76502394430807,20
GA,148,3170.8707731091627,184.76502394430807,20
GA,149,3170.8707731091627,184.76502394430807,20
GA,150,3170.8707731091627,184.76502394430807,20
GA,151,3170.8707731091627,184.76502394430807,20
GA,152,3170.8707731091627,184.76502394430807,20
GA,153,3170.8707731091627,184.76502394430807,20
GA,154,3170.8707731091627,184.76502394430807,20
GA,155,3170.8707731091627,184.76502394430807,20
GA,156,3170.8707731091627,184.76502394430807,20
GA,157,3170.8707731091627,184.76502394430807,20
GA,158,3170.8707731091627,184.76502394430807,20
GA,159,3170.8707731091627,184.76502394430807,20
GA,160,3170.8707731091627,184.76502394430807,20
GA,161,3170.8707731091627,184.76502394430807,20
GA,162,3170.8707731091627,184.76502394430807,20
GA,163,3170.8707731091627,184.76502394430807,20
GA,164,3170.8707731091627,184.76502394430807,20
GA,165,3170.8707731091627,184.76502394430807,20
GA,166,3170.8707731091627,184.76502394430807,20
GA,167,3170.8707731091627,184.76502394430807,20
GA,168,3170.8707731091627,184.76502394430807,20
GA,169,3170.8707731091627,184.76502394430807,20
GA,170,3170.8707731091627,184.76502394430807,20
GA,171,3170.8707731091627,184.76502394430807,20
GA,172,3170.8707731091627,184.76502394430807,20
GA,173,3170.8707731091627,184.76502394430807,20
GA,174,3170.8707731091627,184.76502394430807,20
GA,175,3170.8707731091627,184.76502394430807,20
GA,176,3170.8707731091627,184.76502394430807,20
GA,177,3170.8707731091627,184.76502394430807,20
GA,178,3170.8707731091627,184.76502394430807,20
GA,179,3170.8707731091627,184.76502394430807,20
GA,180,3170.8707731091627,184.76502394430807,20
GA,181,3170.8707731091627,184.76502394430807,20
GA,182,3170.8707731091627,184.76502394430807,20
GA,183,3170.8707731091627,184.76502394430807,20
GA,184,3170.8707731091627,184.76502394430807,20
GA,185,3170.8707731091627,184.76502394430807,20
GA,186,3170.8707731091627,184.76502394430807,20
GA,187,3170.8707731091627,184.76502394430807,20
GA,188,3170.8707731091627,184.76502394430807,20
GA,189,3170.8707731091627,184.76502394430807,20
GA,190,3170.8707731091627,184.76502394430807,20
GA,191,3170.8707731091627,184.76502394430807,20
GA,192,3170.8707731091627,184.76502394430807,20
GA,193,3170.8707731091627,184.76502394430807,20
GA,194,3170.8707731091627,184.76502394430807,20
GA,195,3170.8707731091627,184.76502394430807,20
GA,196,3170.8707731091627,184.76502394430807,20
GA,197,3170.8707731091627,184.76502394430807,20
GA,198,3170.8707731091627,184.76502394430807,20
GA,199,3170.8707731091627,184.76502394430807,20
GA,200,3170.8707731091627,184.76502394430807,20
GA,201,3170.8707731091627,184.76502394430807,20
GA,202,3170.8707731091627,184.76502394430807,20
GA,203,3170.8707731091627,184.76502394430807,20
GA,204,3170.8707731091627,184.76502394430807,20
GA,205,3170.8707731091627,184.76502394430807,20
GA,206,3170.8707731091627,184.76502394430807,20
GA,207,3170.8707731091627,184.76502394430807,20
GA,208,3170.8707731091627,184.76502394430807,20
GA,209,3170.8707731091627,184.76502394430807,20
GA,210,3170.8707731091627,184.76502394430807,20
GA,211,3170.8707731091627,184.76502394430807,20
GA,212,3170.8707731091627,184.76502394430807,20
GA,213,3170.8707731091627,184.76502394430807,20
GA,214,3170.8707731091627,184.76502394430807,20
GA,215,3170.8707731091627,184.76502394430807,20
GA,216,3170.8707731091627,184.76502394430807,20
GA,217,3170.8707731091627,184.76502394430807,20
GA,218,3170.8707731091627,184.76502394430807,20
GA,219,3170.8707731091627,184.76502394430807,20
GA,220,3170.8707731091627,184.76502394430807,20
GA,221,3170.8707731091627,184.76502394430807,20
GA,222,3170.8707731091627,184.76502394430807,20
GA,223,3170.8707731091627,184.76502394430807,20
GA,224,3170.8707731091627,184.76502394430807,20
GA,225,3170.8707731091627,184.76502394430807,20
GA,226,3170.8707731091627,184.76502394430807,20
GA,227,3170.8707731091627,184.76502394430807,20
GA,228,3170.8707731091627,184.76502394430807,20
GA,229,3170.8707731091627,184.76502394430807,20
GA,230,3170.8707731091627,184.76502394430807,20
GA,231,3170.8707731091627,184.76502394430807,20
GA,232,3170.8707731091627,184.76502394430807,20
GA,233,3170.8707731091627,184.76502394430807,20
GA,234,3170.8707731091627,184.76502394430807,20
GA,235,3170.8707731091627,184.76502394430807,20
GA,236,3170.8707731091627,184.76502394430807,20
GA,237,3170.8707731091627,184.76502394430807,20
GA,238,3170.8707731091627,184.76502394430807,20
GA,239,3170.8707731091627,184.76502394430807,20
GA,240,3170.8707731091627,184.76502394430807,20
GA,241,3170.8707731091627,184.76502394430807,20
GA,242,3170.8707731091627,184.76502394430807,20
GA,243,3170.8707731091627,184.76502394430807,20
GA,244,3170.8707731091627,184.76502394430807,20
GA,245,3170.8707731091627,184.76502394430807,20
GA,246,3170.8707731091627,184.76502394430807,20
GA,247,3170.8707731091627,184.76502394430807,20
GA,248,3170.8707731091627,184.76502394430807,20
GA,249,3170.8707731091627,184.76502394430807,20
GA,250,3170.8707731091627,184.76502394430807,20
GA,251,3170.8707731091627,184.76502394430807,20
GA,252,3170.8707731091627,184.76502394430807,20
GA,253,3170.8707731091627,184.76502394430807,20
GA,254,3170.8707731091627,184.76502394430807,20
GA,255,3170.8707731091627,184.76502394430807,20
GA,256,3170.8707731091627,184.76502394430807,20
GA,257,3170.8707731091627,184.76502394430807,20
GA,258,3170.8707731091627,184.76502394430807,20
GA,259,3170.8707731091627,184.76502394430807,20
GA,260,3170.8707731091627,184.76502394430807,20
GA,261,3170.8707731091627,184.76502394430807,20
GA,262,3170.8707731091627,184.76502394430807,20
GA,263,3170.8707731091627,184.76502394430807,20
GA,264,3170.8707731091627,184.76502394430807,20
GA,265,3170.8707731091627,184.76502394430807,20
GA,266,3170.8707731091627,184.76502394430807,20
GA,267,3170.8707731091627,184.76502394430807,20
GA,268,3170.8707731091627,184.76502394430807,20
GA,269,3170.8707731091627,184.76502394430807,20
GA,270,3170.8707731091627,184.76502394430807,20
GA,271,3170.8707731091627,184.76502394430807,20
GA,272,3170.8707731091627,184.76502394430807,20
GA,273,3170.8707731091627,184.76502394430807,20
GA,274,3170.8707731091627,184.76502394430807,20
GA,275,3170.8707731091627,184.76502394430807,20
GA,276,3170.8707731091627,184.76502394430807,20
GA,277,3170.8707731091627,184.76502394430807,20
GA,278,3170.8707731091627,184.76502394430807,20
GA,279,3170.8707731091627,184.76502394430807,20
GA,280,3170.8707731091627,184.76502394430807,20
GA,281,3170.8707731091627,184.76502394430807,20
GA,282,3170.8707731091627,184.76502394430807,20
GA,283,3170.8707731091627,184.76502394430807,20
GA,284,3170.8707731091627,184.76502394430807,20
GA,285,3170.8707731091627,184.76502394430807,20
GA,286,3170.8707731091627,184.76502394430807,20
GA,287,3170.8707731091627,184.76502394430807,20
GA,288,3170.8707731091627,184.76502394430807,20
GA,289,3170.8707731091627,184.76502394430807,20
GA,290,3170.8707731091627,184.76502394430807,20
GA,291,3170.8707731091627,184.76502394430807,20
GA,292,3170.8707731091627,184.76502394430807,20
GA,293,3170.8707731091627,184.76502394430807,20
GA,294,3170.8707731091627,184.76502394430807,20
GA,295,3170.8707731091627,184.76502394430807,20
GA,296,3170.8707731091627,184.76502394430807,20
GA,297,3170.8707731091627,184.76502394430807,20
GA,298,3170.8707731091627,184.76502394430807,20
GA,299,3170.8707731091627,184.76502394430807,20
GA,300,3170.8707731091627,184.76502394430807,20
GA,301,3170.8707731091627,184.76502394430807,20
GA,302,3170.8707731091627,184.76502394430807,20
GA,303,3170.8707731091627,184.76502394430807,20
GA,304,3170.8707731091627,184.76502394430807,20
GA,305,3170.8707731091627,184.76502394430807,20
GA,306,3170.8707731091627,184.76502394430807,20
GA,307,3170.8707731091627,184.76502394430807,20
GA,308,3170.8707731091627,184.76502394430807,20
GA,309,3170.8707731091627,184.76502394430807,20
GA,310,3170.8707731091627,184.76502394430807,20
GA,311,3170.8707731091627,184.76502394430807,20
GA,312,3170.8707731091627,184.76502394430807,20
GA,313,3170.8707731091627,184.76502394430807,20
GA,314,3170.8707731091627,184.76502394430807,20
GA,315,3170.8707731091627,184.76502394430807,20
GA,316,3170.8707731091627,184.76502394430807,20
GA,317,3170.8707731091627,184.76502394430807,20
GA,318,3170.8707731091627,184.76502394430807,20
GA,319,3170.8707731091627,184.76502394430807,20
GA,320,3170.8707731091627,184.76502394430807,20
GA,321,3170.8707731091627,184.76502394430807,20
GA,322,3170.8707731091627,184.76502394430807,20
GA,323,3170.8707731091627,184.76502394430807,20
GA,324,3170.8707731091627,184.76502394430807,20
GA,325,3170.8707731091627,184.76502394430807,20
GA,326,3170.8707731091627,184.76502394430807,20
GA,327,3170.8707731091627,184.76502394430807,20
GA,328,3170.8707731091627,184.76502394430807,20
GA,329,3170.8707731091627,184.76502394430807,20
GA,330,3170.8707731091627,184.76502394430807,20
GA,331,3170.8707731091627,184.76502394430807,20
GA,332,3168.799070213953,183.8178734663933,20
GA,333,3168.799070213953,183.8178734663933,20
GA,334,3168.799070213953,183.8178734663933,20
GA,335,3168.799070213953,183.8178734663933,20
GA,336,3168.799070213953,183.8178734663933,20
GA,337,3168.799070213953,183.8178734663933,20
GA,338,3168.799070213953,183.8178734663933,20
GA,339,3168.799070213953,183.8178734663933,20
GA,340,3168.799070213953,183.8178734663933,20
GA,341,3168.799070213953,183.8178734663933,20
GA,342,3168.799070213953,183.8178734663933,20
GA,343,3168.799070213953,183.8178734663933,20
GA,344,3168.799070213953,183.8178734663933,20
GA,345,3168.799070213953,183.8178734663933,20
GA,346,3168.799070213953,183.8178734663933,20
GA,347,3168.799070213953,183.8178734663933,20
GA,348,3168.799070213953,183.8178734663933,20
GA,349,3168.799070213953,183.8178734663933,20
GA,350,3168.799070213953,183.8178734663933,20
GA,351,3168.799070213953,183.8178734663933,20
GA,352,3168.799070213953,183.8178734663933,20
GA,353,3168.799070213953,183.8178734663933,20
GA,354,3168.799070213953,183.8178734663933,20
GA,355,3168.799070213953,183.8178734663933,20
GA,356,3168.799070213953,183.8178734663933,20
GA,357,3168.799070213953,183.8178734663933,20
GA,358,3168.799070213953,183.8178734663933,20
GA,359,3168.799070213953,183.8178734663933,20
GA,360,3168.799070213953,183.8178734663933,20
GA,361,3168.799070213953,183.8178734663933,20
GA,362,3168.799070213953,183.8178734663933,20
GA,363,3168.799070213953,183.8178734663933,20
GA,364,3168.799070213953,183.8178734663933,20
GA,365,3168.799070213953,183.8178734663933,20
GA,366,3168.799070213953,183.8178734663933,20
GA,367,3168.799070213953,183.8178734663933,20
GA,368,3168.799070213953,183.8178734663933,20
GA,369,3168.799070213953,183.8178734663933,20
GA,370,3168.799070213953,183.8178734663933,20
GA,371,3168.799070213953,183.8178734663933,20
GA,372,3168.799070213953,183.8178734663933,20
GA,373,3168.799070213953,183.8178734663933,20
GA,374,3168.799070213953,183.8178734663933,20
GA,375,3168.799070213953,183.8178734663933,20
GA,376,3168.799070213953,183.8178734663933,20
GA,377,3168.799070213953,183.8178734663933,20
GA,378,3168.799070213953,183.8178734663933,20
GA,379,3168.799070213953,183.8178734663933,20
GA,380,3168.799070213953,183.8178734663933,20
GA,381,3168.799070213953,183.8178734663933,20
GA,382,3168.799070213953,183.8178734663933,20
GA,383,3168.799070213953,183.8178734663933,20
GA,384,3168.799070213953,183.8178734663933,20
GA,385,3168.799070213953,183.8178734663933,20
GA,386,3168.799070213953,183.8178734663933,20
GA,387,3168.799070213953,183.8178734663933,20
GA,388,3168.799070213953,183.8178734663933,20
GA,389,3168.799070213953,183.8178734663933,20
GA,390,3168.799070213953,183.8178734663933,20
GA,391,3168.799070213953,183.8178734663933,20
GA,392,3168.799070213953,183.8178734663933,20
GA,393,3168.799070213953,183.8178734663933,20
GA,394,3168.799070213953,183.8178734663933,20
GA,395,3168.799070213953,183.8178734663933,20
GA,396,3168.799070213953,183.8178734663933,20
GA,397,3168.799070213953,183.8178734663933,20
GA,398,3168.799070213953,183.8178734663933,20
GA,399,3168.799070213953,183.8178734663933,20
GA,400,3168.799070213953,183.8178734663933,20
GA,401,3168.799070213953,183.8178734663933,20
GA,402,3168.799070213953,183.8178734663933,20
GA,403,3168.799070213953,183.8178734663933,20
GA,404,3168.799070213953,183.8178734663933,20
GA,405,3168.799070213953,183.8178734663933,20
GA,406,3168.799070213953,183.8178734663933,20
GA,407,3168.799070213953,183.8178734663933,20
GA,408,3168.799070213953,183.8178734663933,20
GA,409,3168.799070213953,183.8178734663933,20
GA,410,3168.799070213953,183.8178734663933,20
GA,411,3168.799070213953,183.8178734663933,20
GA,412,3168.799070213953,183.8178734663933,20
GA,413,3168.799070213953,183.8178734663933,20
GA,414,3168.799070213953,183.8178734663933,20
GA,415,3168.799070213953,183.8178734663933,20
GA,416,3168.799070213953,183.8178734663933,20
GA,417,3168.799070213953,183.8178734663933,20
GA,418,3168.799070213953,183.8178734663933,20
GA,419,3168.799070213953,183.8178734663933,20
GA,420,3168.799070213953,183.8178734663933,20
GA,421,3168.799070213953,183.8178734663933,20
GA,422,3168.799070213953,183.8178734663933,20
GA,423,3168.799070213953,183.8178734663933,20
GA,424,3168.799070213953,183.8178734663933,20
GA,425,3168.799070213953,183.8178734663933,20
GA,426,3168.799070213953,183.8178734663933,20
GA,427,3168.799070213953,183.8178734663933,20
GA,428,3168.799070213953,183.8178734663933,20
GA,429,3168.799070213953,183.8178734663933,20
GA,430,3168.799070213953,183.8178734663933,20
GA,431,3168.799070213953,183.8178734663933,20
GA,432,3168.799070213953,183.8178734663933,20
GA,433,3168.799070213953,183.8178734663933,20
GA,434,3168.799070213953,183.8178734663933,20
GA,435,3168.799070213953,183.8178734663933,20
GA,436,3168.799070213953,183.8178734663933,20
GA,437,3168.799070213953,183.8178734663933,20
GA,438,3168.799070213953,183.8178734663933,20
GA,439,3168.799070213953,183.8178734663933,20
GA,440,3168.799070213953,183.8178734663933,20
GA,441,3168.799070213953,183.8178734663933,20
GA,442,3168.799070213953,183.8178734663933,20
GA,443,3168.799070213953,183.8178734663933,20
GA,444,3168.799070213953,183.8178734663933,20
GA,445,3168.799070213953,183.8178734663933,20
GA,446,3168.799070213953,183.8178734663933,20
GA,447,3168.799070213953,183.8178734663933,20
GA,448,3168.799070213953,183.8178734663933,20
GA,449,3168.799070213953,183.8178734663933,20
GA,450,3168.799070213953,183.8178734663933,20
GA,451,3168.799070213953,183.8178734663933,20
GA,452,3168.799070213953,183.8178734663933,20
GA,453,3168.799070213953,183.8178734663933,20
GA,454,3168.799070213953,183.8178734663933,20
GA,455,3168.799070213953,183.8178734663933,20
GA,456,3168.799070213953,183.8178734663933,20
GA,457,3168.799070213953,183.8178734663933,20
GA,458,3168.799070213953,183.8178734663933,20
GA,459,3168.799070213953,183.8178734663933,20
GA,460,3168.799070213953,183.8178734663933,20
GA,461,3168.799070213953,183.8178734663933,20
GA,462,3168.799070213953,183.8178734663933,20
GA,463,3168.799070213953,183.8178734663933,20
GA,464,3168.799070213953,183.8178734663933,20
GA,465,3168.799070213953,183.8178734663933,20
GA,466,3168.799070213953,183.8178734663933,20
GA,467,3168.799070213953,183.8178734663933,20
GA,468,3168.799070213953,183.8178734663933,20
GA,469,3168.799070213953,183.8178734663933,20
GA,470,3168.799070213953,183.8178734663933,20
GA,471,3168.799070213953,183.8178734663933,20
GA,472,3168.799070213953,183.8178734663933,20
GA,473,3168.799070213953,183.8178734663933,20
GA,474,3168.799070213953,183.8178734663933,20
GA,475,3168.799070213953,183.8178734663933,20
GA,476,3168.799070213953,183.8178734663933,20
GA,477,3168.799070213953,183.8178734663933,20
GA,478,3168.799070213953,183.8178734663933,20
GA,479,3168.799070213953,183.8178734663933,20
GA,480,3168.799070213953,183.8178734663933,20
GA,481,3168.799070213953,183.8178734663933,20
GA,482,3168.799070213953,183.8178734663933,20
GA,483,3168.799070213953,183.8178734663933,20
GA,484,3168.799070213953,183.8178734663933,20
GA,485,3168.799070213953,183.8178734663933,20
GA,486,3168.799070213953,183.8178734663933,20
GA,487,3168.799070213953,183.8178734663933,20
GA,488,3168.799070213953,183.8178734663933,20
GA,489,3168.799070213953,183.8178734663933,20
GA,490,3168.799070213953,183.8178734663933,20
GA,491,3168.799070213953,183.8178734663933,20
GA,492,3168.799070213953,183.8178734663933,20
GA,493,3168.799070213953,183.8178734663933,20
GA,494,3168.799070213953,183.8178734663933,20
GA,495,3168.799070213953,183.8178734663933,20
GA,496,3168.799070213953,183.8178734663933,20
GA,497,3168.799070213953,183.8178734663933,20
GA,498,3168.799070213953,183.8178734663933,20
GA,499,3168.799070213953,183.8178734663933,20
GA,500,3168.799070213953,183.8178734663933,20
GA,501,3168.799070213953,183.8178734663933,20
GA,502,3168.799070213953,183.8178734663933,20
GA,503,3168.799070213953,183.8178734663933,20
GA,504,3168.799070213953,183.8178734663933,20
GA,505,3168.799070213953,183.8178734663933,20
GA,506,3168.799070213953,183.8178734663933,20
GA,507,3168.799070213953,183.8178734663933,20
GA,508,3168.799070213953,183.8178734663933,20
GA,509,3168.799070213953,183.8178734663933,20
GA,510,3168.799070213953,183.8178734663933,20
GA,511,3168.799070213953,183.8178734663933,20
GA,512,3168.799070213953,183.8178734663933,20
GA,513,3168.799070213953,183.8178734663933,20
GA,514,3168.799070213953,183.8178734663933,20
GA,515,3168.799070213953,183.8178734663933,20
GA,516,3168.799070213953,183.8178734663933,20
GA,517,3168.799070213953,183.8178734663933,20
GA,518,3168.799070213953,183.8178734663933,20
GA,519,3168.799070213953,183.8178734663933,20
GA,520,3168.799070213953,183.8178734663933,20
GA,521,3168.799070213953,183.8178734663933,20
GA,522,3168.799070213953,183.8178734663933,20
GA,523,3168.799070213953,183.8178734663933,20
GA,524,3168.799070213953,183.8178734663933,20
GA,525,3168.799070213953,183.8178734663933,20
GA,526,3168.799070213953,183.8178734663933,20
GA,527,3168.799070213953,183.8178734663933,20
GA,528,3168.799070213953,183.8178734663933,20
GA,529,3168.799070213953,183.8178734663933,20
GA,530,3168.799070213953,183.8178734663933,20
GA,531,3168.799070213953,183.8178734663933,20
GA,532,3168.799070213953,183.8178734663933,20
GA,533,3168.799070213953,183.8178734663933,20
GA,534,3168.799070213953,183.8178734663933,20
GA,535,3168.799070213953,183.8178734663933,20
GA,536,3168.799070213953,183.8178734663933,20
GA,537,3168.799070213953,183.8178734663933,20
GA,538,3168.799070213953,183.8178734663933,20
GA,539,3168.799070213953,183.8178734663933,20
GA,540,3168.799070213953,183.8178734663933,20
GA,541,3168.799070213953,183.8178734663933,20
GA,542,3168.799070213953,183.8178734663933,20
GA,543,3168.799070213953,183.8178734663933,20
GA,544,3168.799070213953,183.8178734663933,20
GA,545,3168.799070213953,183.8178734663933,20
GA,546,3168.799070213953,183.8178734663933,20
GA,547,3168.799070213953,183.8178734663933,20
GA,548,3168.799070213953,183.8178734663933,20
GA,549,3168.799070213953,183.8178734663933,20
GA,550,3168.799070213953,183.8178734663933,20
GA,551,3168.799070213953,183.8178734663933,20
GA,552,3168.799070213953,183.8178734663933,20
GA,553,3168.799070213953,183.8178734663933,20
GA,554,3168.799070213953,183.8178734663933,20
GA,555,3168.799070213953,183.8178734663933,20
GA,556,3168.799070213953,183.8178734663933,20
GA,557,3168.799070213953,183.8178734663933,20
GA,558,3168.799070213953,183.8178734663933,20
GA,559,3168.799070213953,183.8178734663933,20
GA,560,3168.799070213953,183.8178734663933,20
GA,561,3168.799070213953,183.8178734663933,20
GA,562,3168.799070213953,183.8178734663933,20
GA,563,3168.799070213953,183.8178734663933,20
GA,564,3168.799070213953,183.8178734663933,20
GA,565,3168.799070213953,183.8178734663933,20
GA,566,3168.799070213953,183.8178734663933,20
GA,567,3168.799070213953,183.8178734663933,20
GA,568,3168.799070213953,183.8178734663933,20
GA,569,3168.799070213953,183.8178734663933,20
GA,570,3168.799070213953,183.8178734663933,20
GA,571,3168.799070213953,183.8178734663933,20
GA,572,3168.799070213953,183.8178734663933,20
GA,573,3168.799070213953,183.8178734663933,20
GA,574,3168.799070213953,183.8178734663933,20
GA,575,3168.799070213953,183.8178734663933,20
GA,576,3168.799070213953,183.8178734663933,20
GA,577,3168.799070213953,183.8178734663933,20
GA,578,3168.799070213953,183.8178734663933,20
GA,579,3168.799070213953,183.8178734663933,20
GA,580,3168.799070213953,183.8178734663933,20
GA,581,3168.799070213953,183.8178734663933,20
GA,582,3168.799070213953,183.8178734663933,20
GA,583,3168.799070213953,183.8178734663933,20
GA,584,3168.799070213953,183.8178734663933,20
GA,585,3168.799070213953,183.8178734663933,20
GA,586,3168.799070213953,183.8178734663933,20
GA,587,3168.799070213953,183.8178734663933,20
GA,588,3168.799070213953,183.8178734663933,20
GA,589,3168.799070213953,183.8178734663933,20
GA,590,3168.799070213953,183.8178734663933,20
GA,591,3168.799070213953,183.8178734663933,20
GA,592,3168.799070213953,183.8178734663933,20
GA,593,3168.799070213953,183.8178734663933,20
GA,594,3168.799070213953,183.8178734663933,20
GA,595,3168.799070213953,183.8178734663933,20
GA,596,3168.799070213953,183.8178734663933,20
GA,597,3168.799070213953,183.8178734663933,20
GA,598,3168.799070213953,183.8178734663933,20
GA,599,3168.799070213953,183.8178734663933,20
GA,600,3168.799070213953,183.8178734663933,20
GA,601,3168.799070213953,183.8178734663933,20
GA,602,3168.799070213953,183.8178734663933,20
GA,603,3168.799070213953,183.8178734663933,20
GA,604,3168.799070213953,183.8178734663933,20
GA,605,3168.799070213953,183.8178734663933,20
GA,606,3168.799070213953,183.8178734663933,20
GA,607,3168.799070213953,183.8178734663933,20
GA,608,3168.799070213953,183.8178734663933,20
GA,609,3168.799070213953,183.8178734663933,20
GA,610,3168.799070213953,183.8178734663933,20
GA,611,3168.799070213953,183.8178734663933,20
GA,612,3168.799070213953,183.8178734663933,20
GA,613,3168.799070213953,183.8178734663933,20
GA,614,3168.799070213953,183.8178734663933,20
GA,615,3168.799070213953,183.8178734663933,20
GA,616,3168.799070213953,183.8178734663933,20
GA,617,3168.799070213953,183.8178734663933,20
GA,618,3168.799070213953,183.8178734663933,20
GA,619,3168.799070213953,183.8178734663933,20
GA,620,3168.799070213953,183.8178734663933,20
GA,621,3168.799070213953,183.8178734663933,20
GA,622,3168.799070213953,183.8178734663933,20
GA,623,3168.799070213953,183.8178734663933,20
GA,624,3168.799070213953,183.8178734663933,20
GA,625,3168.799070213953,183.8178734663933,20
GA,626,3168.799070213953,183.8178734663933,20
GA,627,3168.799070213953,183.8178734663933,20
GA,628,3168.799070213953,183.8178734663933,20
GA,629,3168.799070213953,183.8178734663933,20
GA,630,3168.799070213953,183.8178734663933,20
GA,631,3168.799070213953,183.8178734663933,20
GA,632,3168.799070213953,183.8178734663933,20
GA,633,3168.799070213953,183.8178734663933,20
GA,634,3168.799070213953,183.8178734663933,20
GA,635,3168.799070213953,183.8178734663933,20
GA,636,3168.799070213953,183.8178734663933,20
GA,637,3168.799070213953,183.8178734663933,20
GA,638,3168.799070213953,183.8178734663933,20
GA,639,3168.799070213953,183.8178734663933,20
GA,640,3168.799070213953,183.8178734663933,20
GA,641,3168.799070213953,183.8178734663933,20
GA,642,3168.799070213953,183.8178734663933,20
GA,643,3168.799070213953,183.8178734663933,20
GA,644,3168.799070213953,183.8178734663933,20
GA,645,3168.799070213953,183.8178734663933,20
GA,646,3168.799070213953,183.8178734663933,20
GA,647,3168.799070213953,183.8178734663933,20
GA,648,3168.799070213953,183.8178734663933,20
GA,649,3168.799070213953,183.8178734663933,20
GA,650,3168.799070213953,183.8178734663933,20
GA,651,3168.799070213953,183.8178734663933,20
GA,652,3168.799070213953,183.8178734663933,20
GA,653,3168.799070213953,183.8178734663933,20
GA,654,3168.799070213953,183.8178734663933,20
GA,655,3168.799070213953,183.8178734663933,20
GA,656,3168.799070213953,183.8178734663933,20
GA,657,3168.799070213953,183.8178734663933,20
GA,658,3168.799070213953,183.8178734663933,20
GA,659,3168.799070213953,183.8178734663933,20
GA,660,3168.799070213953,183.8178734663933,20
GA,661,3168.799070213953,183.8178734663933,20
GA,662,3168.799070213953,183.8178734663933,20
GA,663,3168.799070213953,183.8178734663933,20
GA,664,3168.799070213953,183.8178734663933,20
GA,665,3168.799070213953,183.8178734663933,20
GA,666,3168.799070213953,183.8178734663933,20
GA,667,3168.799070213953,183.8178734663933,20
GA,668,3168.799070213953,183.8178734663933,20
GA,669,3168.799070213953,183.8178734663933,20
GA,670,3168.799070213953,183.8178734663933,20
GA,671,3168.799070213953,183.8178734663933,20
GA,672,3168.799070213953,183.8178734663933,20
GA,673,3168.799070213953,183.8178734663933,20
GA,674,3168.799070213953,183.8178734663933,20
GA,675,3168.799070213953,183.8178734663933,20
GA,676,3168.799070213953,183.8178734663933,20
GA,677,3168.799070213953,183.8178734663933,20
GA,678,3168.799070213953,183.8178734663933,20
GA,679,3168.799070213953,183.8178734663933,20
GA,680,3168.799070213953,183.8178734663933,20
GA,681,3168.799070213953,183.8178734663933,20
GA,682,3168.799070213953,183.8178734663933,20
GA,683,3168.799070213953,183.8178734663933,20
GA,684,3168.799070213953,183.8178734663933,20
GA,685,3168.799070213953,183.8178734663933,20
GA,686,3168.799070213953,183.8178734663933,20
GA,687,3168.799070213953,183.8178734663933,20
GA,688,3168.799070213953,183.8178734663933,20
GA,689,3168.799070213953,183.8178734663933,20
GA,690,3168.799070213953,183.8178734663933,20
GA,691,3168.799070213953,183.8178734663933,20
GA,692,3168.799070213953,183.8178734663933,20
GA,693,3168.799070213953,183.8178734663933,20
GA,694,3168.799070213953,183.8178734663933,20
GA,695,3168.799070213953,183.8178734663933,20
GA,696,3168.799070213953,183.8178734663933,20
GA,697,3168.799070213953,183.8178734663933,20
GA,698,3168.799070213953,183.8178734663933,20
GA,699,3168.799070213953,183.8178734663933,20
GA,700,3168.799070213953,183.8178734663933,20
GA,701,3168.799070213953,183.8178734663933,20
GA,702,3168.799070213953,183.8178734663933,20
GA,703,3168.799070213953,183.8178734663933,20
GA,704,3168.799070213953,183.8178734663933,20
GA,705,3168.799070213953,183.8178734663933,20
GA,706,3168.799070213953,183.8178734663933,20
GA,707,3168.799070213953,183.8178734663933,20
GA,708,3168.799070213953,183.8178734663933,20
GA,709,3168.799070213953,183.8178734663933,20
GA,710,3168.799070213953,183.8178734663933,20
GA,711,3168.799070213953,183.8178734663933,20
GA,712,3168.799070213953,183.8178734663933,20
GA,713,3168.799070213953,183.8178734663933,20
GA,714,3168.799070213953,183.8178734663933,20
GA,715,3168.799070213953,183.8178734663933,20
GA,716,3168.799070213953,183.8178734663933,20
GA,717,3168.799070213953,183.8178734663933,20
GA,718,3168.799070213953,183.8178734663933,20
GA,719,3168.799070213953,183.8178734663933,20
GA,720,3168.799070213953,183.8178734663933,20
GA,721,3168.799070213953,183.8178734663933,20
GA,722,3168.799070213953,183.8178734663933,20
GA,723,3168.799070213953,183.8178734663933,20
GA,724,3168.799070213953,183.8178734663933,20
GA,725,3168.799070213953,183.8178734663933,20
GA,726,3168.799070213953,183.8178734663933,20
GA,727,3168.799070213953,183.8178734663933,20
GA,728,3168.799070213953,183.8178734663933,20
GA,729,3168.799070213953,183.8178734663933,20
GA,730,3168.799070213953,183.8178734663933,20
GA,731,3168.799070213953,183.8178734663933,20
GA,732,3168.799070213953,183.8178734663933,20
GA,733,3168.799070213953,183.8178734663933,20
GA,734,3168.799070213953,183.8178734663933,20
GA,735,3168.799070213953,183.8178734663933,20
GA,736,3168.799070213953,183.8178734663933,20
GA,737,3168.799070213953,183.8178734663933,20
GA,738,3168.799070213953,183.8178734663933,20
GA,739,3168.799070213953,183.8178734663933,20
GA,740,3168.799070213953,183.8178734663933,20
GA,741,3168.799070213953,183.8178734663933,20
GA,742,3168.799070213953,183.8178734663933,20
GA,743,3168.799070213953,183.8178734663933,20
GA,744,3168.799070213953,183.8178734663933,20
GA,745,3168.799070213953,183.8178734663933,20
GA,746,3168.799070213953,183.8178734663933,20
GA,747,3168.799070213953,183.8178734663933,20
GA,748,3168.799070213953,183.8178734663933,20
GA,749,3168.799070213953,183.8178734663933,20
GA,750,3168.799070213953,183.8178734663933,20
GA,751,3168.799070213953,183.8178734663933,20
GA,752,3168.799070213953,183.8178734663933,20
GA,753,3168.799070213953,183.8178734663933,20
GA,754,3168.799070213953,183.8178734663933,20
GA,755,3168.799070213953,183.8178734663933,20
GA,756,3168.799070213953,183.8178734663933,20
GA,757,3168.799070213953,183.8178734663933,20
GA,758,3168.799070213953,183.8178734663933,20
GA,759,3168.799070213953,183.8178734663933,20
GA,760,3168.799070213953,183.8178734663933,20
GA,761,3168.799070213953,183.8178734663933,20
GA,762,3168.799070213953,183.8178734663933,20
GA,763,3168.799070213953,183.8178734663933,20
GA,764,3168.799070213953,183.8178734663933,20
GA,765,3168.799070213953,183.8178734663933,20
GA,766,3168.799070213953,183.8178734663933,20
GA,767,3168.799070213953,183.8178734663933,20
GA,768,3168.799070213953,183.8178734663933,20
GA,769,3168.799070213953,183.8178734663933,20
GA,770,3168.799070213953,183.8178734663933,20
GA,771,3168.799070213953,183.8178734663933,20
GA,772,3168.799070213953,183.8178734663933,20
GA,773,3168.799070213953,183.8178734663933,20
GA,774,3168.799070213953,183.8178734663933,20
GA,775,3168.799070213953,183.8178734663933,20
GA,776,3168.799070213953,183.8178734663933,20
GA,777,3168.799070213953,183.8178734663933,20
GA,778,3168.799070213953,183.8178734663933,20
GA,779,3168.799070213953,183.8178734663933,20
GA,780,3168.799070213953,183.8178734663933,20
GA,781,3168.799070213953,183.8178734663933,20
GA,782,3168.799070213953,183.8178734663933,20
GA,783,3168.799070213953,183.8178734663933,20
GA,784,3168.799070213953,183.8178734663933,20
GA,785,3168.799070213953,183.8178734663933,20
GA,786,3168.799070213953,183.8178734663933,20
GA,787,3168.799070213953,183.8178734663933,20
GA,788,3168.799070213953,183.8178734663933,20
GA,789,3168.799070213953,183.8178734663933,20
GA,790,3168.799070213953,183.8178734663933,20
GA,791,3168.799070213953,183.8178734663933,20
GA,792,3168.799070213953,183.8178734663933,20
GA,793,3168.799070213953,183.8178734663933,20
GA,794,3168.799070213953,183.8178734663933,20
GA,795,3168.799070213953,183.8178734663933,20
GA,796,3168.799070213953,183.8178734663933,20
GA,797,3168.799070213953,183.8178734663933,20
GA,798,3168.799070213953,183.8178734663933,20
GA,799,3168.799070213953,183.8178734663933,20
GA,800,3168.799070213953,183.8178734663933,20
GA,801,3168.799070213953,183.8178734663933,20
GA,802,3168.799070213953,183.8178734663933,20
GA,803,3168.799070213953,183.8178734663933,20
GA,804,3168.799070213953,183.8178734663933,20
GA,805,3168.799070213953,183.8178734663933,20
GA,806,3168.799070213953,183.8178734663933,20
GA,807,3168.799070213953,183.8178734663933,20
GA,808,3168.799070213953,183.8178734663933,20
GA,809,3168.799070213953,183.8178734663933,20
GA,810,3168.799070213953,183.8178734663933,20
GA,811,3168.799070213953,183.8178734663933,20
GA,812,3168.799070213953,183.8178734663933,20
GA,813,3168.799070213953,183.8178734663933,20
GA,814,3168.799070213953,183.8178734663933,20
GA,815,3168.799070213953,183.8178734663933,20
GA,816,3168.799070213953,183.8178734663933,20
GA,817,3166.435264305752,183.30405992037672,20
GA,818,3166.435264305752,183.30405992037672,20
GA,819,3166.435264305752,183.30405992037672,20
GA,820,3166.435264305752,183.30405992037672,20
GA,821,3166.435264305752,183.30405992037672,20
GA,822,3166.435264305752,183.30405992037672,20
GA,823,3166.435264305752,183.30405992037672,20
GA,824,3166.435264305752,183.30405992037672,20
GA,825,3166.435264305752,183.30405992037672,20
GA,826,3166.435264305752,183.30405992037672,20
GA,827,3166.435264305752,183.30405992037672,20
GA,828,3166.435264305752,183.30405992037672,20
GA,829,3166.435264305752,183.30405992037672,20
GA,830,3166.435264305752,183.30405992037672,20
GA,831,3166.435264305752,183.30405992037672,20
GA,832,3166.435264305752,183.30405992037672,20
GA,833,3166.435264305752,183.30405992037672,20
GA,834,3166.435264305752,183.30405992037672,20
GA,835,3166.435264305752,183.30405992037672,20
GA,836,3166.435264305752,183.30405992037672,20
GA,837,3166.435264305752,183.30405992037672,20
GA,838,3166.435264305752,183.30405992037672,20
GA,839,3166.435264305752,183.30405992037672,20
GA,840,3166.435264305752,183.30405992037672,20
GA,841,3166.435264305752,183.30405992037672,20
GA,842,3166.435264305752,183.30405992037672,20
GA,843,3166.435264305752,183.30405992037672,20
GA,844,3166.435264305752,183.30405992037672,20
GA,845,3166.435264305752,183.30405992037672,20
GA,846,3166.435264305752,183.30405992037672,20
GA,847,3166.435264305752,183.30405992037672,20
GA,848,3166.435264305752,183.30405992037672,20
GA,849,3166.435264305752,183.30405992037672,20
GA,850,3166.435264305752,183.30405992037672,20
GA,851,3166.435264305752,183.30405992037672,20
GA,852,3166.435264305752,183.30405992037672,20
GA,853,3166.435264305752,183.30405992037672,20
GA,854,3166.435264305752,183.30405992037672,20
GA,855,3166.435264305752,183.30405992037672,20
GA,856,3166.435264305752,183.30405992037672,20
GA,857,3166.435264305752,183.30405992037672,20
GA,858,3166.435264305752,183.30405992037672,20
GA,859,3166.435264305752,183.30405992037672,20
GA,860,3166.435264305752,183.30405992037672,20
GA,861,3166.435264305752,183.30405992037672,20
GA,862,3166.435264305752,183.30405992037672,20
GA,863,3166.435264305752,183.30405992037672,20
GA,864,3166.435264305752,183.30405992037672,20
GA,865,3166.435264305752,183.30405992037672,20
GA,866,3166.435264305752,183.30405992037672,20
GA,867,3166.435264305752,183.30405992037672,20
GA,868,3166.435264305752,183.30405992037672,20
GA,869,3166.435264305752,183.30405992037672,20
GA,870,3166.435264305752,183.30405992037672,20
GA,871,3166.435264305752,183.30405992037672,20
GA,872,3166.435264305752,183.30405992037672,20
GA,873,3166.435264305752,183.30405992037672,20
GA,874,3166.435264305752,183.30405992037672,20
GA,875,3166.435264305752,183.30405992037672,20
GA,876,3166.435264305752,183.30405992037672,20
GA,877,3166.435264305752,183.30405992037672,20
GA,878,3166.435264305752,183.30405992037672,20
GA,879,3166.435264305752,183.30405992037672,20
GA,880,3166.435264305752,183.30405992037672,20
GA,881,3166.435264305752,183.30405992037672,20
GA,882,3166.435264305752,183.30405992037672,20
GA,883,3166.435264305752,183.30405992037672,20
GA,884,3166.435264305752,183.30405992037672,20
GA,885,3166.435264305752,183.30405992037672,20
GA,886,3166.435264305752,183.30405992037672,20
GA,887,3166.435264305752,183.30405992037672,20
GA,888,3166.435264305752,183.30405992037672,20
GA,889,3166.435264305752,183.30405992037672,20
GA,890,3166.435264305752,183.30405992037672,20
GA,891,3166.435264305752,183.30405992037672,20
GA,892,3166.435264305752,183.30405992037672,20
GA,893,3166.435264305752,183.30405992037672,20
GA,894,3166.435264305752,183.30405992037672,20
GA,895,3166.435264305752,183.30405992037672,20
GA,896,3166.435264305752,183.30405992037672,20
GA,897,3166.435264305752,183.30405992037672,20
GA,898,3166.435264305752,183.30405992037672,20
GA,899,3166.435264305752,183.30405992037672,20
GA,900,3166.435264305752,183.30405992037672,20
GA,901,3166.435264305752,183.30405992037672,20
GA,902,3166.435264305752,183.30405992037672,20
GA,903,3166.435264305752,183.30405992037672,20
GA,904,3166.435264305752,183.30405992037672,20
GA,905,3166.435264305752,183.30405992037672,20
GA,906,3166.435264305752,183.30405992037672,20
GA,907,3166.435264305752,183.30405992037672,20
GA,908,3166.435264305752,183.30405992037672,20
GA,909,3166.435264305752,183.30405992037672,20
GA,910,3166.435264305752,183.30405992037672,20
GA,911,3166.435264305752,183.30405992037672,20
GA,912,3166.435264305752,183.30405992037672,20
GA,913,3166.435264305752,183.30405992037672,20
GA,914,3166.435264305752,183.30405992037672,20
GA,915,3166.435264305752,183.30405992037672,20
GA,916,3166.435264305752,183.30405992037672,20
GA,917,3166.435264305752,183.30405992037672,20
GA,918,3166.435264305752,183.30405992037672,20
GA,919,3166.435264305752,183.30405992037672,20
GA,920,3166.435264305752,183.30405992037672,20
GA,921,3166.435264305752,183.30405992037672,20
GA,922,3166.435264305752,183.30405992037672,20
GA,923,3166.435264305752,183.30405992037672,20
GA,924,3166.435264305752,183.30405992037672,20
GA,925,3166.435264305752,183.30405992037672,20
GA,926,3166.435264305752,183.30405992037672,20
GA,927,3166.435264305752,183.30405992037672,20
GA,928,3166.435264305752,183.30405992037672,20
GA,929,3166.435264305752,183.30405992037672,20
GA,930,3166.435264305752,183.30405992037672,20
GA,931,3166.435264305752,183.30405992037672,20
GA,932,3166.435264305752,183.30405992037672,20
GA,933,3166.435264305752,183.30405992037672,20
GA,934,3166.435264305752,183.30405992037672,20
GA,935,3166.435264305752,183.30405992037672,20
GA,936,3166.435264305752,183.30405992037672,20
GA,937,3166.435264305752,183.30405992037672,20
GA,938,3166.435264305752,183.30405992037672,20
GA,939,3166.435264305752,183.30405992037672,20
GA,940,3166.435264305752,183.30405992037672,20
GA,941,3166.435264305752,183.30405992037672,20
GA,942,3166.435264305752,183.30405992037672,20
GA,943,3166.435264305752,183.30405992037672,20
GA,944,3166.435264305752,183.30405992037672,20
GA,945,3166.435264305752,183.30405992037672,20
GA,946,3166.435264305752,183.30405992037672,20
GA,947,3166.435264305752,183.30405992037672,20
GA,948,3166.435264305752,183.30405992037672,20
GA,949,3166.435264305752,183.30405992037672,20
GA,950,3166.435264305752,183.30405992037672,20
GA,951,3166.435264305752,183.30405992037672,20
GA,952,3166.435264305752,183.30405992037672,20
GA,953,3166.435264305752,183.30405992037672,20
GA,954,3166.435264305752,183.30405992037672,20
GA,955,3166.435264305752,183.30405992037672,20
GA,956,3166.435264305752,183.30405992037672,20
GA,957,3166.435264305752,183.30405992037672,20
GA,958,3166.435264305752,183.30405992037672,20
GA,959,3166.435264305752,183.30405992037672,20
GA,960,3166.435264305752,183.30405992037672,20
GA,961,3166.435264305752,183.30405992037672,20
GA,962,3166.435264305752,183.30405992037672,20
GA,963,3166.435264305752,183.30405992037672,20
GA,964,3166.435264305752,183.30405992037672,20
GA,965,3166.435264305752,183.30405992037672,20
GA,966,3166.435264305752,183.30405992037672,20
GA,967,3166.435264305752,183.30405992037672,20
GA,968,3166.435264305752,183.30405992037672,20
GA,969,3166.435264305752,183.30405992037672,20
GA,970,3166.435264305752,183.30405992037672,20
GA,971,3166.435264305752,183.30405992037672,20
GA,972,3166.435264305752,183.30405992037672,20
GA,973,3165.956247669628,183.27407874010976,20
GA,974,3165.956247669628,183.27407874010976,20
GA,975,3165.956247669628,183.27407874010976,20
GA,976,3165.956247669628,183.27407874010976,20
GA,977,3165.956247669628,183.27407874010976,20
GA,978,3165.956247669628,183.27407874010976,20
GA,979,3165.956247669628,183.27407874010976,20
GA,980,3165.956247669628,183.27407874010976,20
GA,981,3165.956247669628,183.27407874010976,20
GA,982,3165.956247669628,183.27407874010976,20
GA,983,3165.956247669628,183.27407874010976,20
GA,984,3165.956247669628,183.27407874010976,20
GA,985,3165.956247669628,183.27407874010976,20
GA,986,3165.956247669628,183.27407874010976,20
GA,987,3165.956247669628,183.27407874010976,20
GA,988,3165.956247669628,183.27407874010976,20
GA,989,3165.956247669628,183.27407874010976,20
GA,990,3165.956247669628,183.27407874010976,20
GA,991,3165.956247669628,183.27407874010976,20
GA,992,3165.956247669628,183.27407874010976,20
GA,993,3165.956247669628,183.27407874010976,20
GA,994,3165.956247669628,183.27407874010976,20
GA,995,3165.956247669628,183.27407874010976,20
GA,996,3165.956247669628,183.27407874010976,20
GA,997,3165.956247669628,183.27407874010976,20
GA,998,3165.956247669628,183.27407874010976,20
GA,999,3165.956247669628,183.27407874010976,20
GA,1000,3165.956247669628,183.27407874010976,20
GA,1001,3165.956247669628,183.27407874010976,20
GA,1002,3165.956247669628,183.27407874010976,20
GA,1003,3165.956247669628,183.27407874010976,20
GA,1004,3165.956247669628,183.27407874010976,20
GA,1005,3165.956247669628,183.27407874010976,20
GA,1006,3165.956247669628,183.27407874010976,20
GA,1007,3165.956247669628,183.27407874010976,20
GA,1008,3165.956247669628,183.27407874010976,20
GA,1009,3165.956247669628,183.27407874010976,20
GA,1010,3165.956247669628,183.27407874010976,20
GA,1011,3165.956247669628,183.27407874010976,20
GA,1012,3165.956247669628,183.27407874010976,20
GA,1013,3165.956247669628,183.27407874010976,20
GA,1014,3165.956247669628,183.27407874010976,20
GA,1015,3165.956247669628,183.27407874010976,20
GA,1016,3165.956247669628,183.27407874010976,20
GA,1017,3165.956247669628,183.27407874010976,20
GA,1018,3165.956247669628,183.27407874010976,20
GA,1019,3165.956247669628,183.27407874010976,20
GA,1020,3165.956247669628,183.27407874010976,20
GA,1021,3165.956247669628,183.27407874010976,20
GA,1022,3165.956247669628,183.27407874010976,20
GA,1023,3165.956247669628,183.27407874010976,20
GA,1024,3165.956247669628,183.27407874010976,20
GA,1025,3165.956247669628,183.27407874010976,20
GA,1026,3165.956247669628,183.27407874010976,20
GA,1027,3165.956247669628,183.27407874010976,20
GA,1028,3165.956247669628,183.27407874010976,20
GA,1029,3165.956247669628,183.27407874010976,20
GA,1030,3165.956247669628,183.27407874010976,20
GA,1031,3165.956247669628,183.27407874010976,20
GA,1032,3165.956247669628,183.27407874010976,20
GA,1033,3165.956247669628,183.27407874010976,20
GA,1034,3165.956247669628,183.27407874010976,20
GA,1035,3165.956247669628,183.27407874010976,20
GA,1036,3165.956247669628,183.27407874010976,20
GA,1037,3165.956247669628,183.27407874010976,20
GA,1038,3165.956247669628,183.27407874010976,20
GA,1039,3165.956247669628,183.27407874010976,20
GA,1040,3165.956247669628,183.27407874010976,20
GA,1041,3165.956247669628,183.27407874010976,20
GA,1042,3165.956247669628,183.27407874010976,20
GA,1043,3165.956247669628,183.27407874010976,20
GA,1044,3165.956247669628,183.27407874010976,20
GA,1045,3165.956247669628,183.27407874010976,20
GA,1046,3165.956247669628,183.27407874010976,20
GA,1047,3165.956247669628,183.27407874010976,20
GA,1048,3165.956247669628,183.27407874010976,20
GA,1049,3165.956247669628,183.27407874010976,20
GA,1050,3165.956247669628,183.27407874010976,20
GA,1051,3165.956247669628,183.27407874010976,20
GA,1052,3165.956247669628,183.27407874010976,20
GA,1053,3165.956247669628,183.27407874010976,20
GA,1054,3165.956247669628,183.27407874010976,20
GA,1055,3165.956247669628,183.27407874010976,20
GA,1056,3165.956247669628,183.27407874010976,20
GA,1057,3165.956247669628,183.27407874010976,20
GA,1058,3165.956247669628,183.27407874010976,20
GA,1059,3165.956247669628,183.27407874010976,20
GA,1060,3165.956247669628,183.27407874010976,20
GA,1061,3165.956247669628,183.27407874010976,20
GA,1062,3165.956247669628,183.27407874010976,20
GA,1063,3165.956247669628,183.27407874010976,20
GA,1064,3165.956247669628,183.27407874010976,20
GA,1065,3165.956247669628,183.27407874010976,20
GA,1066,3165.956247669628,183.27407874010976,20
GA,1067,3165.956247669628,183.27407874010976,20
GA,1068,3165.956247669628,183.27407874010976,20
GA,1069,3165.956247669628,183.27407874010976,20
GA,1070,3165.956247669628,183.27407874010976,20
GA,1071,3165.956247669628,183.27407874010976,20
GA,1072,3165.956247669628,183.27407874010976,20
GA,1073,3165.956247669628,183.27407874010976,20
GA,1074,3165.956247669628,183.27407874010976,20
GA,1075,3165.956247669628,183.27407874010976,20
GA,1076,3165.956247669628,183.27407874010976,20
GA,1077,3165.956247669628,183.27407874010976,20
GA,1078,3165.956247669628,183.27407874010976,20
GA,1079,3165.956247669628,183.27407874010976,20
GA,1080,3165.956247669628,183.27407874010976,20
GA,1081,3165.956247669628,183.27407874010976,20
GA,1082,3165.956247669628,183.27407874010976,20
GA,1083,3165.956247669628,183.27407874010976,20
GA,1084,3165.956247669628,183.27407874010976,20
GA,1085,3162.160215894083,183.9207902013644,20
GA,1086,3162.160215894083,183.9207902013644,20
GA,1087,3162.160215894083,183.9207902013644,20
GA,1088,3162.160215894083,183.9207902013644,20
GA,1089,3162.160215894083,183.9207902013644,20
GA,1090,3162.160215894083,183.9207902013644,20
GA,1091,3162.160215894083,183.9207902013644,20
GA,1092,3162.160215894083,183.9207902013644,20
GA,1093,3162.160215894083,183.9207902013644,20
GA,1094,3162.160215894083,183.9207902013644,20
GA,1095,3162.160215894083,183.9207902013644,20
GA,1096,3162.160215894083,183.9207902013644,20
GA,1097,3162.160215894083,183.9207902013644,20
GA,1098,3162.160215894083,183.9207902013644,20
GA,1099,3162.160215894083,183.9207902013644,20
GA,1100,3162.160215894083,183.9207902013644,20
GA,1101,3162.160215894083,183.9207902013644,20
GA,1102,3162.160215894083,183.9207902013644,20
GA,1103,3162.160215894083,183.9207902013644,20
GA,1104,3162.160215894083,183.9207902013644,20
GA,1105,3162.160215894083,183.9207902013644,20
GA,1106,3162.160215894083,183.9207902013644,20
GA,1107,3162.160215894083,183.9207902013644,20
GA,1108,3162.160215894083,183.9207902013644,20
GA,1109,3162.160215894083,183.9207902013644,20
GA,1110,3162.160215894083,183.9207902013644,20
GA,1111,3162.160215894083,183.9207902013644,20
GA,1112,3162.160215894083,183.9207902013644,20
GA,1113,3162.160215894083,183.9207902013644,20
GA,1114,3162.160215894083,183.9207902013644,20
GA,1115,3162.160215894083,183.9207902013644,20
GA,1116,3162.160215894083,183.9207902013644,20
GA,1117,3162.160215894083,183.9207902013644,20
GA,1118,3162.160215894083,183.9207902013644,20
GA,1119,3162.160215894083,183.9207902013644,20
GA,1120,3162.160215894083,183.9207902013644,20
GA,1121,3162.160215894083,183.9207902013644,20
GA,1122,3162.160215894083,183.9207902013644,20
GA,1123,3162.160215894083,183.9207902013644,20
GA,1124,3162.160215894083,183.9207902013644,20
GA,1125,3162.160215894083,183.9207902013644,20
GA,1126,3162.160215894083,183.9207902013644,20
GA,1127,3162.160215894083,183.9207902013644,20
GA,1128,3162.160215894083,183.9207902013644,20
GA,1129,3162.160215894083,183.9207902013644,20
GA,1130,3162.160215894083,183.9207902013644,20
GA,1131,3162.160215894083,183.9207902013644,20
GA,1132,3162.160215894083,183.9207902013644,20
GA,1133,3162.160215894083,183.9207902013644,20
GA,1134,3162.160215894083,183.9207902013644,20
GA,1135,3162.160215894083,183.9207902013644,20
GA,1136,3162.160215894083,183.9207902013644,20
GA,1137,3162.160215894083,183.9207902013644,20
GA,1138,3162.160215894083,183.9207902013644,20
GA,1139,3162.160215894083,183.9207902013644,20
GA,1140,3162.160215894083,183.9207902013644,20
GA,1141,3162.160215894083,183.9207902013644,20
GA,1142,3162.160215894083,183.9207902013644,20
GA,1143,3162.160215894083,183.9207902013644,20
GA,1144,3162.160215894083,183.9207902013644,20
GA,1145,3162.160215894083,183.9207902013644,20
GA,1146,3162.160215894083,183.9207902013644,20
GA,1147,3162.160215894083,183.9207902013644,20
GA,1148,3162.160215894083,183.9207902013644,20
GA,1149,3162.160215894083,183.9207902013644,20
GA,1150,3162.160215894083,183.9207902013644,20
GA,1151,3162.160215894083,183.9207902013644,20
GA,1152,3162.160215894083,183.9207902013644,20
GA,1153,3162.160215894083,183.9207902013644,20
GA,1154,3162.160215894083,183.9207902013644,20
GA,1155,3162.160215894083,183.9207902013644,20
GA,1156,3162.160215894083,183.9207902013644,20
GA,1157,3162.160215894083,183.9207902013644,20
GA,1158,3162.160215894083,183.9207902013644,20
GA,1159,3162.160215894083,183.9207902013644,20
GA,1160,3162.160215894083,183.9207902013644,20
GA,1161,3162.160215894083,183.9207902013644,20
GA,1162,3162.160215894083,183.9207902013644,20
GA,1163,3162.160215894083,183.9207902013644,20
GA,1164,3162.160215894083,183.9207902013644,20
GA,1165,3162.160215894083,183.9207902013644,20
GA,1166,3162.160215894083,183.9207902013644,20
GA,1167,3162.160215894083,183.9207902013644,20
GA,1168,3162.160215894083,183.9207902013644,20
GA,1169,3162.160215894083,183.9207902013644,20
GA,1170,3162.160215894083,183.9207902013644,20
GA,1171,3162.160215894083,183.9207902013644,20
GA,1172,3162.160215894083,183.9207902013644,20
GA,1173,3162.160215894083,183.9207902013644,20
GA,1174,3162.160215894083,183.9207902013644,20
GA,1175,3162.160215894083,183.9207902013644,20
GA,1176,3162.160215894083,183.9207902013644,20
GA,1177,3162.160215894083,183.9207902013644,20
GA,1178,3162.160215894083,183.9207902013644,20
GA,1179,3162.160215894083,183.9207902013644,20
GA,1180,3162.160215894083,183.9207902013644,20
GA,1181,3162.160215894083,183.9207902013644,20
GA,1182,3162.160215894083,183.9207902013644,20
GA,1183,3162.160215894083,183.9207902013644,20
GA,1184,3162.160215894083,183.9207902013644,20
GA,1185,3162.160215894083,183.9207902013644,20
GA,1186,3162.160215894083,183.9207902013644,20
GA,1187,3162.160215894083,183.9207902013644,20
GA,1188,3162.160215894083,183.9207902013644,20
GA,1189,3162.160215894083,183.9207902013644,20
GA,1190,3162.160215894083,183.9207902013644,20
GA,1191,3162.160215894083,183.9207902013644,20
GA,1192,3162.160215894083,183.9207902013644,20
GA,1193,3162.160215894083,183.9207902013644,20
GA,1194,3162.160215894083,183.9207902013644,20
GA,1195,3162.160215894083,183.9207902013644,20
GA,1196,3162.160215894083,183.9207902013644,20
GA,1197,3162.160215894083,183.9207902013644,20
GA,1198,3162.160215894083,183.9207902013644,20
GA,1199,3162.160215894083,183.9207902013644,20
GA,1200,3162.160215894083,183.9207902013644,20
GA,1201,3162.160215894083,183.9207902013644,20
GA,1202,3162.160215894083,183.9207902013644,20
GA,1203,3162.160215894083,183.9207902013644,20
GA,1204,3162.160215894083,183.9207902013644,20
GA,1205,3162.160215894083,183.9207902013644,20
GA,1206,3162.160215894083,183.9207902013644,20
GA,1207,3162.160215894083,183.9207902013644,20
GA,1208,3162.160215894083,183.9207902013644,20
GA,1209,3162.160215894083,183.9207902013644,20
GA,1210,3162.160215894083,183.9207902013644,20
GA,1211,3162.160215894083,183.9207902013644,20
GA,1212,3162.160215894083,183.9207902013644,20
GA,1213,3162.160215894083,183.9207902013644,20
GA,1214,3162.160215894083,183.9207902013644,20
GA,1215,3162.160215894083,183.9207902013644,20
GA,1216,3162.160215894083,183.9207902013644,20
GA,1217,3162.160215894083,183.9207902013644,20
GA,1218,3162.160215894083,183.9207902013644,20
GA,1219,3162.160215894083,183.9207902013644,20
GA,1220,3162.160215894083,183.9207902013644,20
GA,1221,3162.160215894083,183.9207902013644,20
GA,1222,3162.160215894083,183.9207902013644,20
GA,1223,3162.160215894083,183.9207902013644,20
GA,1224,3162.160215894083,183.9207902013644,20
GA,1225,3162.160215894083,183.9207902013644,20
GA,1226,3162.160215894083,183.9207902013644,20
GA,1227,3162.160215894083,183.9207902013644,20
GA,1228,3162.160215894083,183.9207902013644,20
GA,1229,3162.160215894083,183.9207902013644,20
GA,1230,3162.160215894083,183.9207902013644,20
GA,1231,3162.160215894083,183.9207902013644,20
GA,1232,3162.160215894083,183.9207902013644,20
GA,1233,3162.160215894083,183.9207902013644,20
GA,1234,3162.160215894083,183.9207902013644,20
GA,1235,3162.160215894083,183.9207902013644,20
GA,1236,3162.160215894083,183.9207902013644,20
GA,1237,3162.160215894083,183.9207902013644,20
GA,1238,3162.160215894083,183.9207902013644,20
GA,1239,3162.160215894083,183.9207902013644,20
GA,1240,3162.160215894083,183.9207902013644,20
GA,1241,3162.160215894083,183.9207902013644,20
GA,1242,3162.160215894083,183.9207902013644,20
GA,1243,3162.160215894083,183.9207902013644,20
GA,1244,3162.160215894083,183.9207902013644,20
GA,1245,3162.160215894083,183.9207902013644,20
GA,1246,3162.160215894083,183.9207902013644,20
GA,1247,3162.160215894083,183.9207902013644,20
GA,1248,3162.160215894083,183.9207902013644,20
GA,1249,3162.160215894083,183.9207902013644,20
GA,1250,3162.160215894083,183.9207902013644,20
GA,1251,3162.160215894083,183.9207902013644,20
GA,1252,3162.160215894083,183.9207902013644,20
GA,1253,3162.160215894083,183.9207902013644,20
GA,1254,3162.160215894083,183.9207902013644,20
GA,1255,3162.160215894083,183.9207902013644,20
GA,1256,3162.160215894083,183.9207902013644,20
GA,1257,3162.160215894083,183.9207902013644,20
GA,1258,3162.160215894083,183.9207902013644,20
GA,1259,3162.160215894083,183.9207902013644,20
GA,1260,3162.160215894083,183.9207902013644,20
GA,1261,3162.160215894083,183.9207902013644,20
GA,1262,3162.160215894083,183.9207902013644,20
GA,1263,3162.160215894083,183.9207902013644,20
GA,1264,3162.160215894083,183.9207902013644,20
GA,1265,3162.160215894083,183.9207902013644,20
GA,1266,3162.160215894083,183.9207902013644,20
GA,1267,3162.160215894083,183.9207902013644,20
GA,1268,3162.160215894083,183.9207902013644,20
GA,1269,3162.160215894083,183.9207902013644,20
GA,1270,3162.160215894083,183.9207902013644,20
GA,1271,3162.160215894083,183.9207902013644,20
GA,1272,3162.160215894083,183.9207902013644,20
GA,1273,3162.160215894083,183.9207902013644,20
GA,1274,3162.160215894083,183.9207902013644,20
GA,1275,3162.160215894083,183.9207902013644,20
GA,1276,3162.160215894083,183.9207902013644,20
GA,1277,3162.160215894083,183.9207902013644,20
GA,1278,3162.160215894083,183.9207902013644,20
GA,1279,3162.160215894083,183.9207902013644,20
GA,1280,3162.160215894083,183.9207902013644,20
GA,1281,3162.160215894083,183.9207902013644,20
GA,1282,3162.160215894083,183.9207902013644,20
GA,1283,3162.160215894083,183.9207902013644,20
GA,1284,3162.160215894083,183.9207902013644,20
GA,1285,3162.160215894083,183.9207902013644,20
GA,1286,3162.160215894083,183.9207902013644,20
GA,1287,3162.160215894083,183.9207902013644,20
GA,1288,3162.160215894083,183.9207902013644,20
GA,1289,3162.160215894083,183.9207902013644,20
GA,1290,3162.160215894083,183.9207902013644,20
GA,1291,3162.160215894083,183.9207902013644,20
GA,1292,3162.160215894083,183.9207902013644,20
GA,1293,3162.160215894083,183.9207902013644,20
GA,1294,3162.160215894083,183.9207902013644,20
GA,1295,3162.160215894083,183.9207902013644,20
GA,1296,3162.160215894083,183.9207902013644,20
GA,1297,3162.160215894083,183.9207902013644,20
GA,1298,3162.160215894083,183.9207902013644,20
GA,1299,3162.160215894083,183.9207902013644,20
GA,1300,3162.160215894083,183.9207902013644,20
GA,1301,3162.160215894083,183.9207902013644,20
GA,1302,3162.160215894083,183.9207902013644,20
GA,1303,3162.160215894083,183.9207902013644,20
GA,1304,3162.160215894083,183.9207902013644,20
GA,1305,3162.160215894083,183.9207902013644,20
GA,1306,3162.160215894083,183.9207902013644,20
GA,1307,3162.160215894083,183.9207902013644,20
GA,1308,3162.160215894083,183.9207902013644,20
GA,1309,3162.160215894083,183.9207902013644,20
GA,1310,3162.160215894083,183.9207902013644,20
GA,1311,3162.160215894083,183.9207902013644,20
GA,1312,3162.160215894083,183.9207902013644,20
GA,1313,3162.160215894083,183.9207902013644,20
GA,1314,3162.160215894083,183.9207902013644,20
GA,1315,3162.160215894083,183.9207902013644,20
GA,1316,3162.160215894083,183.9207902013644,20
GA,1317,3162.160215894083,183.9207902013644,20
GA,1318,3162.160215894083,183.9207902013644,20
GA,1319,3162.160215894083,183.9207902013644,20
GA,1320,3162.160215894083,183.9207902013644,20
GA,1321,3162.160215894083,183.9207902013644,20
GA,1322,3162.160215894083,183.9207902013644,20
GA,1323,3162.160215894083,183.9207902013644,20
GA,1324,3162.160215894083,183.9207902013644,20
GA,1325,3162.160215894083,183.9207902013644,20
GA,1326,3162.160215894083,183.9207902013644,20
GA,1327,3162.160215894083,183.9207902013644,20
GA,1328,3162.160215894083,183.9207902013644,20
GA,1329,3162.160215894083,183.9207902013644,20
GA,1330,3162.160215894083,183.9207902013644,20
GA,1331,3162.160215894083,183.9207902013644,20
GA,1332,3162.160215894083,183.9207902013644,20
GA,1333,3162.160215894083,183.9207902013644,20
GA,1334,3162.160215894083,183.9207902013644,20
GA,1335,3162.160215894083,183.9207902013644,20
GA,1336,3162.160215894083,183.9207902013644,20
GA,1337,3162.160215894083,183.9207902013644,20
GA,1338,3162.160215894083,183.9207902013644,20
GA,1339,3162.160215894083,183.9207902013644,20
GA,1340,3162.160215894083,183.9207902013644,20
GA,1341,3162.160215894083,183.9207902013644,20
GA,1342,3162.160215894083,183.9207902013644,20
GA,1343,3162.160215894083,183.9207902013644,20
GA,1344,3162.160215894083,183.9207902013644,20
GA,1345,3162.160215894083,183.9207902013644,20
GA,1346,3162.160215894083,183.9207902013644,20
GA,1347,3162.160215894083,183.9207902013644,20
GA,1348,3162.160215894083,183.9207902013644,20
GA,1349,3162.160215894083,183.9207902013644,20
GA,1350,3162.160215894083,183.9207902013644,20
GA,1351,3162.160215894083,183.9207902013644,20
GA,1352,3162.160215894083,183.9207902013644,20
GA,1353,3162.160215894083,183.9207902013644,20
GA,1354,3162.160215894083,183.9207902013644,20
GA,1355,3162.160215894083,183.9207902013644,20
GA,1356,3162.160215894083,183.9207902013644,20
GA,1357,3162.160215894083,183.9207902013644,20
GA,1358,3162.160215894083,183.9207902013644,20
GA,1359,3162.160215894083,183.9207902013644,20
GA,1360,3162.160215894083,183.9207902013644,20
GA,1361,3162.160215894083,183.9207902013644,20
GA,1362,3162.160215894083,183.9207902013644,20
GA,1363,3162.160215894083,183.9207902013644,20
GA,1364,3162.160215894083,183.9207902013644,20
GA,1365,3162.160215894083,183.9207902013644,20
GA,1366,3162.160215894083,183.9207902013644,20
GA,1367,3162.160215894083,183.9207902013644,20
GA,1368,3162.160215894083,183.9207902013644,20
GA,1369,3162.160215894083,183.9207902013644,20
GA,1370,3162.160215894083,183.9207902013644,20
GA,1371,3162.160215894083,183.9207902013644,20
GA,1372,3162.160215894083,183.9207902013644,20
GA,1373,3162.160215894083,183.9207902013644,20
GA,1374,3162.160215894083,183.9207902013644,20
GA,1375,3162.160215894083,183.9207902013644,20
GA,1376,3162.160215894083,183.9207902013644,20
GA,1377,3162.160215894083,183.9207902013644,20
GA,1378,3162.160215894083,183.9207902013644,20
GA,1379,3162.160215894083,183.9207902013644,20
GA,1380,3162.160215894083,183.9207902013644,20
GA,1381,3162.160215894083,183.9207902013644,20
GA,1382,3162.160215894083,183.9207902013644,20
GA,1383,3162.160215894083,183.9207902013644,20
GA,1384,3162.160215894083,183.9207902013644,20
GA,1385,3162.160215894083,183.9207902013644,20
GA,1386,3162.160215894083,183.9207902013644,20
GA,1387,3162.160215894083,183.9207902013644,20
GA,1388,3162.160215894083,183.9207902013644,20
GA,1389,3162.160215894083,183.9207902013644,20
GA,1390,3162.160215894083,183.9207902013644,20
GA,1391,3162.160215894083,183.9207902013644,20
GA,1392,3162.160215894083,183.9207902013644,20
GA,1393,3162.160215894083,183.9207902013644,20
GA,1394,3162.160215894083,183.9207902013644,20
GA,1395,3162.160215894083,183.9207902013644,20
GA,1396,3162.160215894083,183.9207902013644,20
GA,1397,3162.160215894083,183.9207902013644,20
GA,1398,3162.160215894083,183.9207902013644,20
GA,1399,3162.160215894083,183.9207902013644,20
GA,1400,3162.160215894083,183.9207902013644,20
GA,1401,3162.160215894083,183.9207902013644,20
GA,1402,3162.160215894083,183.9207902013644,20
GA,1403,3162.160215894083,183.9207902013644,20
GA,1404,3162.160215894083,183.9207902013644,20
GA,1405,3162.160215894083,183.9207902013644,20
GA,1406,3162.160215894083,183.9207902013644,20
GA,1407,3162.160215894083,183.9207902013644,20
GA,1408,3162.160215894083,183.9207902013644,20
GA,1409,3162.160215894083,183.9207902013644,20
GA,1410,3162.160215894083,183.9207902013644,20
GA,1411,3162.160215894083,183.9207902013644,20
GA,1412,3162.160215894083,183.9207902013644,20
GA,1413,3162.160215894083,183.9207902013644,20
GA,1414,3162.160215894083,183.9207902013644,20
GA,1415,3162.160215894083,183.9207902013644,20
GA,1416,3162.160215894083,183.9207902013644,20
GA,1417,3162.160215894083,183.9207902013644,20
GA,1418,3162.160215894083,183.9207902013644,20
GA,1419,3162.160215894083,183.9207902013644,20
GA,1420,3162.160215894083,183.9207902013644,20
GA,1421,3162.160215894083,183.9207902013644,20
GA,1422,3162.160215894083,183.9207902013644,20
GA,1423,3162.160215894083,183.9207902013644,20
GA,1424,3162.160215894083,183.9207902013644,20
GA,1425,3162.160215894083,183.9207902013644,20
GA,1426,3162.160215894083,183.9207902013644,20
GA,1427,3162.160215894083,183.9207902013644,20
GA,1428,3162.160215894083,183.9207902013644,20
GA,1429,3162.160215894083,183.9207902013644,20
GA,1430,3162.160215894083,183.9207902013644,20
GA,1431,3162.160215894083,183.9207902013644,20
GA,1432,3162.160215894083,183.9207902013644,20
GA,1433,3162.160215894083,183.9207902013644,20
GA,1434,3162.160215894083,183.9207902013644,20
GA,1435,3162.160215894083,183.9207902013644,20
GA,1436,3162.160215894083,183.9207902013644,20
GA,1437,3162.160215894083,183.9207902013644,20
GA,1438,3162.160215894083,183.9207902013644,20
GA,1439,3162.160215894083,183.9207902013644,20
GA,1440,3162.160215894083,183.9207902013644,20
GA,1441,3162.160215894083,183.9207902013644,20
GA,1442,3162.160215894083,183.9207902013644,20
GA,1443,3162.160215894083,183.9207902013644,20
GA,1444,3162.160215894083,183.9207902013644,20
GA,1445,3162.160215894083,183.9207902013644,20
GA,1446,3162.160215894083,183.9207902013644,20
GA,1447,3162.160215894083,183.9207902013644,20
GA,1448,3162.160215894083,183.9207902013644,20
GA,1449,3162.160215894083,183.9207902013644,20
GA,1450,3162.160215894083,183.9207902013644,20
GA,1451,3162.160215894083,183.9207902013644,20
GA,1452,3162.160215894083,183.9207902013644,20
GA,1453,3162.160215894083,183.9207902013644,20
GA,1454,3162.160215894083,183.9207902013644,20
GA,1455,3162.160215894083,183.9207902013644,20
GA,1456,3162.160215894083,183.9207902013644,20
GA,1457,3162.160215894083,183.9207902013644,20
GA,1458,3162.160215894083,183.9207902013644,20
GA,1459,3162.160215894083,183.9207902013644,20
GA,1460,3162.160215894083,183.9207902013644,20
GA,1461,3162.160215894083,183.9207902013644,20
GA,1462,3162.160215894083,183.9207902013644,20
GA,1463,3162.160215894083,183.9207902013644,20
GA,1464,3162.160215894083,183.9207902013644,20
GA,1465,3162.160215894083,183.9207902013644,20
GA,1466,3162.160215894083,183.9207902013644,20
GA,1467,3162.160215894083,183.9207902013644,20
GA,1468,3162.160215894083,183.9207902013644,20
GA,1469,3162.160215894083,183.9207902013644,20
GA,1470,3162.160215894083,183.9207902013644,20
GA,1471,3162.160215894083,183.9207902013644,20
GA,1472,3162.160215894083,183.9207902013644,20
GA,1473,3162.160215894083,183.9207902013644,20
GA,1474,3162.160215894083,183.9207902013644,20
GA,1475,3162.160215894083,183.9207902013644,20
GA,1476,3162.160215894083,183.9207902013644,20
GA,1477,3162.160215894083,183.9207902013644,20
GA,1478,3162.160215894083,183.9207902013644,20
GA,1479,3162.160215894083,183.9207902013644,20
GA,1480,3162.160215894083,183.9207902013644,20
GA,1481,3162.160215894083,183.9207902013644,20
GA,1482,3162.160215894083,183.9207902013644,20
GA,1483,3162.160215894083,183.9207902013644,20
GA,1484,3162.160215894083,183.9207902013644,20
GA,1485,3162.160215894083,183.9207902013644,20
GA,1486,3162.160215894083,183.9207902013644,20
GA,1487,3162.160215894083,183.9207902013644,20
GA,1488,3162.160215894083,183.9207902013644,20
GA,1489,3162.160215894083,183.9207902013644,20
GA,1490,3162.160215894083,183.9207902013644,20
GA,1491,3162.160215894083,183.9207902013644,20
GA,1492,3162.160215894083,183.9207902013644,20
GA,1493,3162.160215894083,183.9207902013644,20
GA,1494,3162.160215894083,183.9207902013644,20
GA,1495,3162.160215894083,183.9207902013644,20
GA,1496,3162.160215894083,183.9207902013644,20
GA,1497,3162.160215894083,183.9207902013644,20
GA,1498,3162.160215894083,183.9207902013644,20
GA,1499,3162.160215894083,183.9207902013644,20
GA,1500,3162.160215894083,183.9207902013644,20
PSO,1,7224.318846682135,203.64734165105128,20
PSO,2,7072.299682757652,280.3101047542599,20
PSO,3,6905.087581146407,253.77231034144637,20
PSO,4,6846.90845802373,249.76805465603667,20
PSO,5,6796.015936281702,256.999302039021,20
PSO,6,6737.957411993071,243.6317169073188,20
PSO,7,6737.957411993071,243.6317169073188,20
PSO,8,6707.833242673451,229.3072896814496,20
PSO,9,6693.180070678745,221.21288251128215,20
PSO,10,6691.519734598098,219.48638807787285,20
PSO,11,6674.084147007557,214.216379706544,20
PSO,12,6659.198726590611,208.62246206034467,20
PSO,13,6647.603868948453,201.33596565341995,20
PSO,14,6609.640582784033,217.62967123719375,20
PSO,15,6609.640582784033,217.62967123719375,20
PSO,16,6594.854555396969,198.3462330995024,20
PSO,17,6590.961491974219,197.01142386737723,20
PSO,18,6590.961491974219,197.01142386737723,20
PSO,19,6590.961491974219,197.01142386737723,20
PSO,20,6589.088820883224,200.2738066326143,20
PSO,21,6589.088820883224,200.2738066326143,20
PSO,22,6573.272074780349,208.2326801760978,20
PSO,23,6570.51980066088,208.9851395403753,20
PSO,24,6570.51980066088,208.9851395403753,20
PSO,25,6557.684850428185,226.76909986809272,20
PSO,26,6557.684850428185,226.76909986809272,20
PSO,27,6550.643162737844,223.180882162319,20
PSO,28,6550.643162737844,223.180882162319,20
PSO,29,6550.643162737844,223.180882162319,20
PSO,30,6550.643162737844,223.180882162319,20
PSO,31,6550.643162737844,223.180882162319,20
PSO,32,6550.643162737844,223.180882162319,20
PSO,33,6550.643162737844,223.180882162319,20
PSO,34,6550.643162737844,223.180882162319,20
PSO,35,6550.643162737844,223.180882162319,20
PSO,36,6544.994599346918,219.99356607173723,20
PSO,37,6541.048569893738,218.04369710836517,20
PSO,38,6529.07015651748,213.47862211257936,20
PSO,39,6522.321268777183,216.7200414719753,20
PSO,40,6522.321268777183,216.7200414719753,20
PSO,41,6522.321268777183,216.7200414719753,20
PSO,42,6510.630581417881,218.2482507127976,20
PSO,43,6510.630581417881,218.2482507127976,20
PSO,44,6510.630581417881,218.2482507127976,20
PSO,45,6510.630581417881,218.2482507127976,20
PSO,46,6506.376953966397,210.35684282451956,20
PSO,47,6506.376953966397,210.35684282451956,20
PSO,48,6503.57785860978,206.83289094466303,20
PSO,49,6493.126838536403,201.2240067532973,20
PSO,50,6493.126838536403,201.2240067532973,20
PSO,51,6493.126838536403,201.2240067532973,20
PSO,52,6493.126838536403,201.2240067532973,20
PSO,53,6493.126838536403,201.2240067532973,20
PSO,54,6493.126838536403,201.2240067532973,20
PSO,55,6492.978142937311,201.12766517766488,20
PSO,56,6489.3377280155,197.30157579078784,20
PSO,57,6489.3377280155,197.30157579078784,20
PSO,58,6489.3377280155,197.30157579078784,20
PSO,59,6489.3377280155,197.30157579078784,20
PSO,60,6489.3377280155,197.30157579078784,20
PSO,61,6489.3377280155,197.30157579078784,20
PSO,62,6476.2992085547685,201.34405420139063,20
PSO,63,6476.2992085547685,201.34405420139063,20
PSO,64,6476.2992085547685,201.34405420139063,20
PSO,65,6450.182539553446,204.52745433230083,20
PSO,66,6450.182539553446,204.52745433230083,20
PSO,67,6450.182539553446,204.52745433230083,20
PSO,68,6450.182539553446,204.52745433230083,20
PSO,69,6448.602708961653,208.3200927523752,20
PSO,70,6448.602708961653,208.3200927523752,20
PSO,71,6438.697337880296,204.918211645445,20
PSO,72,6438.697337880296,204.918211645445,20
PSO,73,6438.697337880296,204.918211645445,20
PSO,74,6438.697337880296,204.918211645445,20
PSO,75,6438.697337880296,204.918211645445,20
PSO,76,6438.697337880296,204.918211645445,20
PSO,77,6438.697337880296,204.918211645445,20
PSO,78,6438.697337880296,204.918211645445,20
PSO,79,6438.676831844078,204.96835329975252,20
PSO,80,6434.822551472194,206.23562814037996,20
PSO,81,6434.822551472194,206.23562814037996,20
PSO,82,6434.822551472194,206.23562814037996,20
PSO,83,6434.822551472194,206.23562814037996,20
PSO,84,6434.822551472194,206.23562814037996,20
PSO,85,6434.822551472194,206.23562814037996,20
PSO,86,6434.822551472194,206.23562814037996,20
PSO,87,6434.822551472194,206.23562814037996,20
PSO,88,6434.822551472194,206.23562814037996,20
PSO,89,6429.437747438997,204.1261928404912,20
PSO,90,6429.437747438997,204.1261928404912,20
PSO,91,6423.192625777243,201.97207475086392,20
PSO,92,6423.192625777243,201.97207475086392,20
PSO,93,6414.990062186589,209.1416207822579,20
PSO,94,6414.990062186589,209.1416207822579,20
PSO,95,6414.990062186589,209.1416207822579,20
PSO,96,6406.01478441091,224.95028831387876,20
PSO,97,6406.01478441091,224.95028831387876,20
PSO,98,6406.01478441091,224.95028831387876,20
PSO,99,6406.01478441091,224.95028831387876,20
PSO,100,6406.01478441091,224.95028831387876,20
PSO,101,6406.01478441091,224.95028831387876,20
PSO,102,6404.745357337905,225.29462455899952,20
PSO,103,6393.563582910766,258.6374655595222,20
PSO,104,6388.130251999644,257.0131227262547,20
PSO,105,6364.947485071331,237.580910408583,20
PSO,106,6364.947485071331,237.580910408583,20
PSO,107,6364.947485071331,237.580910408583,20
PSO,108,6358.888637625752,242.64988941138188,20
PSO,109,6355.399944442823,243.526776930552,20
PSO,110,6355.399944442823,243.526776930552,20
PSO,111,6355.399944442823,243.526776930552,20
PSO,112,6355.399944442823,243.526776930552,20
PSO,113,6355.399944442823,243.526776930552,20
PSO,114,6355.399944442823,243.526776930552,20
PSO,115,6355.399944442823,243.526776930552,20
PSO,116,6355.399944442823,243.526776930552,20
PSO,117,6355.399944442823,243.526776930552,20
PSO,118,6355.399944442823,243.526776930552,20
PSO,119,6349.323468956313,245.5787089527132,20
PSO,120,6349.323468956313,245.5787089527132,20
PSO,121,6349.323468956313,245.5787089527132,20
PSO,122,6349.323468956313,245.5787089527132,20
PSO,123,6349.323468956313,245.5787089527132,20
PSO,124,6349.323468956313,245.5787089527132,20
PSO,125,6349.323468956313,245.5787089527132,20
PSO,126,6344.066093579908,242.41101271607457,20
PSO,127,6344.066093579908,242.41101271607457,20
PSO,128,6344.066093579908,242.41101271607457,20
PSO,129,6344.066093579908,242.41101271607457,20
PSO,130,6344.066093579908,242.41101271607457,20
PSO,131,6344.066093579908,242.41101271607457,20
PSO,132,6341.243388467606,251.66013923403415,20
PSO,133,6338.729044024982,249.5088444290519,20
PSO,134,6338.729044024982,249.5088444290519,20
PSO,135,6338.729044024982,249.5088444290519,20
PSO,136,6338.729044024982,249.5088444290519,20
PSO,137,6327.018332880138,248.88372396447252,20
PSO,138,6327.018332880138,248.88372396447252,20
PSO,139,6327.018332880138,248.88372396447252,20
PSO,140,6327.018332880138,248.88372396447252,20
PSO,141,6327.018332880138,248.88372396447252,20
PSO,142,6327.018332880138,248.88372396447252,20
PSO,143,6327.018332880138,248.88372396447252,20
PSO,144,6327.018332880138,248.88372396447252,20
PSO,145,6327.018332880138,248.88372396447252,20
PSO,146,6327.018332880138,248.88372396447252,20
PSO,147,6327.018332880138,248.88372396447252,20
PSO,148,6327.018332880138,248.88372396447252,20
PSO,149,6327.018332880138,248.88372396447252,20
PSO,150,6327.018332880138,248.88372396447252,20
PSO,151,6327.018332880138,248.88372396447252,20
PSO,152,6325.1414542397015,247.5012264243268,20
PSO,153,6325.1414542397015,247.5012264243268,20
PSO,154,6325.1414542397015,247.5012264243268,20
PSO,155,6323.527349613385,252.9001236121269,20
PSO,156,6323.527349613385,252.9001236121269,20
PSO,157,6323.527349613385,252.9001236121269,20
PSO,158,6323.527349613385,252.9001236121269,20
PSO,159,6323.527349613385,252.9001236121269,20
PSO,160,6323.527349613385,252.9001236121269,20
PSO,161,6323.527349613385,252.9001236121269,20
PSO,162,6323.527349613385,252.9001236121269,20
PSO,163,6323.527349613385,252.9001236121269,20
PSO,164,6323.527349613385,252.9001236121269,20
PSO,165,6318.0253997003165,258.90452490004185,20
PSO,166,6318.0253997003165,258.90452490004185,20
PSO,167,6318.0253997003165,258.90452490004185,20
PSO,168,6318.0253997003165,258.90452490004185,20
PSO,169,6318.0253997003165,258.90452490004185,20
PSO,170,6318.0253997003165,258.90452490004185,20
PSO,171,6316.814547360729,258.15781948587824,20
PSO,172,6316.814547360729,258.15781948587824,20
PSO,173,6316.814547360729,258.15781948587824,20
PSO,174,6316.814547360729,258.15781948587824,20
PSO,175,6316.814547360729,258.15781948587824,20
PSO,176,6316.814547360729,258.15781948587824,20
PSO,177,6310.002705064854,264.06595011559125,20
PSO,178,6310.002705064854,264.06595011559125,20
PSO,179,6310.002705064854,264.06595011559125,20
PSO,180,6310.002705064854,264.06595011559125,20
PSO,181,6310.002705064854,264.06595011559125,20
PSO,182,6310.002705064854,264.06595011559125,20
PSO,183,6310.002705064854,264.06595011559125,20
PSO,184,6310.002705064854,264.06595011559125,20
PSO,185,6310.002705064854,264.06595011559125,20
PSO,186,6310.002705064854,264.06595011559125,20
PSO,187,6310.002705064854,264.06595011559125,20
PSO,188,6310.002705064854,264.06595011559125,20
PSO,189,6310.002705064854,264.06595011559125,20
PSO,190,6310.002705064854,264.06595011559125,20
PSO,191,6304.978751340519,259.0208353985288,20
PSO,192,6304.978751340519,259.0208353985288,20
PSO,193,6304.978751340519,259.0208353985288,20
PSO,194,6304.978751340519,259.0208353985288,20
PSO,195,6304.978751340519,259.0208353985288,20
PSO,196,6304.978751340519,259.0208353985288,20
PSO,197,6304.978751340519,259.0208353985288,20
PSO,198,6304.978751340519,259.0208353985288,20
PSO,199,6304.978751340519,259.0208353985288,20
PSO,200,6304.978751340519,259.0208353985288,20
PSO,201,6304.395033435413,259.2517331584371,20
PSO,202,6304.395033435413,259.2517331584371,20
PSO,203,6302.692260616863,258.63452015982887,20
PSO,204,6302.692260616863,258.63452015982887,20
PSO,205,6302.692260616863,258.63452015982887,20
PSO,206,6298.961665926894,260.70126520772675,20
PSO,207,6284.815084367034,263.4998312215123,20
PSO,208,6284.815084367034,263.4998312215123,20
PSO,209,6284.815084367034,263.4998312215123,20
PSO,210,6284.815084367034,263.4998312215123,20
PSO,211,6284.815084367034,263.4998312215123,20
PSO,212,6284.815084367034,263.4998312215123,20
PSO,213,6284.815084367034,263.4998312215123,20
PSO,214,6282.272811563769,264.5982100575027,20
PSO,215,6281.993799687038,264.4073959720698,20
PSO,216,6281.993799687038,264.4073959720698,20
PSO,217,6281.993799687038,264.4073959720698,20
PSO,218,6281.993799687038,264.4073959720698,20
PSO,219,6281.993799687038,264.4073959720698,20
PSO,220,6281.993799687038,264.4073959720698,20
PSO,221,6281.993799687038,264.4073959720698,20
PSO,222,6281.993799687038,264.4073959720698,20
PSO,223,6281.993799687038,264.4073959720698,20
PSO,224,6281.993799687038,264.4073959720698,20
PSO,225,6281.993799687038,264.4073959720698,20
PSO,226,6281.993799687038,264.4073959720698,20
PSO,227,6281.993799687038,264.4073959720698,20
PSO,228,6273.918604046931,263.8611101887585,20
PSO,229,6273.918604046931,263.8611101887585,20
PSO,230,6273.918604046931,263.8611101887585,20
PSO,231,6267.053119810562,261.8577294759549,20
PSO,232,6267.053119810562,261.8577294759549,20
PSO,233,6267.053119810562,261.8577294759549,20
PSO,234,6267.053119810562,261.8577294759549,20
PSO,235,6267.053119810562,261.8577294759549,20
PSO,236,6267.053119810562,261.8577294759549,20
PSO,237,6267.053119810562,261.8577294759549,20
PSO,238,6267.053119810562,261.8577294759549,20
PSO,239,6256.798582060635,241.29724523273404,20
PSO,240,6256.798582060635,241.29724523273404,20
PSO,241,6256.798582060635,241.29724523273404,20
PSO,242,6256.798582060635,241.29724523273404,20
PSO,243,6256.798582060635,241.29724523273404,20
PSO,244,6256.798582060635,241.29724523273404,20
PSO,245,6256.714351734097,241.29096158607,20
PSO,246,6256.714351734097,241.29096158607,20
PSO,247,6256.714351734097,241.29096158607,20
PSO,248,6256.714351734097,241.29096158607,20
PSO,249,6256.714351734097,241.29096158607,20
PSO,250,6256.714351734097,241.29096158607,20
PSO,251,6256.714351734097,241.29096158607,20
PSO,252,6242.112719735729,248.9666631969677,20
PSO,253,6238.583884580531,246.33349533990216,20
PSO,254,6238.583884580531,246.33349533990216,20
PSO,255,6238.583884580531,246.33349533990216,20
PSO,256,6238.583884580531,246.33349533990216,20
PSO,257,6238.583884580531,246.33349533990216,20
PSO,258,6236.4901652842,245.2382971146064,20
PSO,259,6236.4901652842,245.2382971146064,20
PSO,260,6236.4901652842,245.2382971146064,20
PSO,261,6236.4901652842,245.2382971146064,20
PSO,262,6236.4901652842,245.2382971146064,20
PSO,263,6233.122312280311,255.92428600778516,20
PSO,264,6233.122312280311,255.92428600778516,20
PSO,265,6233.122312280311,255.92428600778516,20
PSO,266,6233.122312280311,255.92428600778516,20
PSO,267,6233.122312280311,255.92428600778516,20
PSO,268,6230.424496060643,255.0351793019949,20
PSO,269,6230.424496060643,255.0351793019949,20
PSO,270,6230.424496060643,255.0351793019949,20
PSO,271,6230.424496060643,255.0351793019949,20
PSO,272,6230.424496060643,255.0351793019949,20
PSO,273,6230.424496060643,255.0351793019949,20
PSO,274,6230.424496060643,255.0351793019949,20
PSO,275,6230.424496060643,255.0351793019949,20
PSO,276,6230.424496060643,255.0351793019949,20
PSO,277,6230.424496060643,255.0351793019949,20
PSO,278,6230.424496060643,255.0351793019949,20
PSO,279,6230.424496060643,255.0351793019949,20
PSO,280,6230.424496060643,255.0351793019949,20
PSO,281,6230.424496060643,255.0351793019949,20
PSO,282,6230.424496060643,255.0351793019949,20
PSO,283,6230.424496060643,255.0351793019949,20
PSO,284,6227.310906294742,254.19410161665587,20
PSO,285,6223.087156770128,256.24436751059494,20
PSO,286,6223.087156770128,256.24436751059494,20
PSO,287,6223.087156770128,256.24436751059494,20
PSO,288,6223.087156770128,256.24436751059494,20
PSO,289,6223.087156770128,256.24436751059494,20
PSO,290,6223.087156770128,256.24436751059494,20
PSO,291,6223.087156770128,256.24436751059494,20
PSO,292,6220.891169091805,256.07180054619,20
PSO,293,6214.319890422785,277.77542069252456,20
PSO,294,6214.319890422785,277.77542069252456,20
PSO,295,6214.319890422785,277.77542069252456,20
PSO,296,6214.319890422785,277.77542069252456,20
PSO,297,6211.839327783007,279.998455578165,20
PSO,298,6211.839327783007,279.998455578165,20
PSO,299,6211.839327783007,279.998455578165,20
PSO,300,6211.839327783007,279.998455578165,20
PSO,301,6211.839327783007,279.998455578165,20
PSO,302,6211.839327783007,279.998455578165,20
PSO,303,6211.839327783007,279.998455578165,20
PSO,304,6211.839327783007,279.998455578165,20
PSO,305,6211.839327783007,279.998455578165,20
PSO,306,6211.839327783007,279.998455578165,20
PSO,307,6211.839327783007,279.998455578165,20
PSO,308,6207.342759086858,279.48703498809874,20
PSO,309,6207.342759086858,279.48703498809874,20
PSO,310,6207.342759086858,279.48703498809874,20
PSO,311,6207.342759086858,279.48703498809874,20
PSO,312,6207.342759086858,279.48703498809874,20
PSO,313,6207.342759086858,279.48703498809874,20
PSO,314,6207.342759086858,279.48703498809874,20
PSO,315,6207.342759086858,279.48703498809874,20
PSO,316,6207.342759086858,279.48703498809874,20
PSO,317,6207.342759086858,279.48703498809874,20
PSO,318,6207.342759086858,279.48703498809874,20
PSO,319,6207.342759086858,279.48703498809874,20
PSO,320,6207.342759086858,279.48703498809874,20
PSO,321,6207.342759086858,279.48703498809874,20
PSO,322,6207.342759086858,279.48703498809874,20
PSO,323,6207.342759086858,279.48703498809874,20
PSO,324,6201.3524438154745,286.4708007063002,20
PSO,325,6201.3524438154745,286.4708007063002,20
PSO,326,6201.3524438154745,286.4708007063002,20
PSO,327,6201.3524438154745,286.4708007063002,20
PSO,328,6201.3524438154745,286.4708007063002,20
PSO,329,6201.3524438154745,286.4708007063002,20
PSO,330,6201.3524438154745,286.4708007063002,20
PSO,331,6201.3524438154745,286.4708007063002,20
PSO,332,6201.3524438154745,286.4708007063002,20
PSO,333,6201.3524438154745,286.4708007063002,20
PSO,334,6201.3524438154745,286.4708007063002,20
PSO,335,6201.3524438154745,286.4708007063002,20
PSO,336,6201.3524438154745,286.4708007063002,20
PSO,337,6201.3524438154745,286.4708007063002,20
PSO,338,6201.3524438154745,286.4708007063002,20
PSO,339,6201.3524438154745,286.4708007063002,20
PSO,340,6201.3524438154745,286.4708007063002,20
PSO,341,6201.3524438154745,286.4708007063002,20
PSO,342,6201.3524438154745,286.4708007063002,20
PSO,343,6201.3524438154745,286.4708007063002,20
PSO,344,6201.3524438154745,286.4708007063002,20
PSO,345,6201.3524438154745,286.4708007063002,20
PSO,346,6201.3524438154745,286.4708007063002,20
PSO,347,6201.3524438154745,286.4708007063002,20
PSO,348,6201.3524438154745,286.4708007063002,20
PSO,349,6201.3524438154745,286.4708007063002,20
PSO,350,6201.3524438154745,286.4708007063002,20
PSO,351,6201.3524438154745,286.4708007063002,20
PSO,352,6201.3524438154745,286.4708007063002,20
PSO,353,6201.3524438154745,286.4708007063002,20
PSO,354,6201.3524438154745,286.4708007063002,20
PSO,355,6201.3524438154745,286.4708007063002,20
PSO,356,6201.229000172126,286.46325861766053,20
PSO,357,6201.229000172126,286.46325861766053,20
PSO,358,6201.229000172126,286.46325861766053,20
PSO,359,6201.229000172126,286.46325861766053,20
PSO,360,6200.55301587063,285.6471555840079,20
PSO,361,6200.55301587063,285.6471555840079,20
PSO,362,6200.55301587063,285.6471555840079,20
PSO,363,6200.55301587063,285.6471555840079,20
PSO,364,6200.55301587063,285.6471555840079,20
PSO,365,6200.55301587063,285.6471555840079,20
PSO,366,6200.55301587063,285.6471555840079,20
PSO,367,6200.55301587063,285.6471555840079,20
PSO,368,6200.55301587063,285.6471555840079,20
PSO,369,6200.55301587063,285.6471555840079,20
PSO,370,6200.55301587063,285.6471555840079,20
PSO,371,6200.55301587063,285.6471555840079,20
PSO,372,6200.55301587063,285.6471555840079,20
PSO,373,6200.55301587063,285.6471555840079,20
PSO,374,6200.55301587063,285.6471555840079,20
PSO,375,6200.55301587063,285.6471555840079,20
PSO,376,6200.55301587063,285.6471555840079,20
PSO,377,6198.899446996429,283.75453308235,20
PSO,378,6198.899446996429,283.75453308235,20
PSO,379,6198.899446996429,283.75453308235,20
PSO,380,6198.899446996429,283.75453308235,20
PSO,381,6198.899446996429,283.75453308235,20
PSO,382,6198.899446996429,283.75453308235,20
PSO,383,6198.899446996429,283.75453308235,20
PSO,384,6198.899446996429,283.75453308235,20
PSO,385,6198.899446996429,283.75453308235,20
PSO,386,6198.899446996429,283.75453308235,20
PSO,387,6198.899446996429,283.75453308235,20
PSO,388,6192.164802936654,279.2316909180979,20
PSO,389,6192.164802936654,279.2316909180979,20
PSO,390,6192.164802936654,279.2316909180979,20
PSO,391,6192.164802936654,279.2316909180979,20
PSO,392,6192.164802936654,279.2316909180979,20
PSO,393,6192.164802936654,279.2316909180979,20
PSO,394,6192.164802936654,279.2316909180979,20
PSO,395,6192.164802936654,279.2316909180979,20
PSO,396,6190.289040102916,279.8188725761564,20
PSO,397,6190.289040102916,279.8188725761564,20
PSO,398,6190.289040102916,279.8188725761564,20
PSO,399,6190.289040102916,279.8188725761564,20
PSO,400,6190.289040102916,279.8188725761564,20
PSO,401,6190.289040102916,279.8188725761564,20
PSO,402,6190.289040102916,279.8188725761564,20
PSO,403,6190.289040102916,279.8188725761564,20
PSO,404,6190.289040102916,279.8188725761564,20
PSO,405,6190.289040102916,279.8188725761564,20
PSO,406,6190.289040102916,279.8188725761564,20
PSO,407,6190.289040102916,279.8188725761564,20
PSO,408,6190.289040102916,279.8188725761564,20
PSO,409,6189.498159626972,279.7701439933562,20
PSO,410,6189.498159626972,279.7701439933562,20
PSO,411,6189.498159626972,279.7701439933562,20
PSO,412,6189.498159626972,279.7701439933562,20
PSO,413,6189.498159626972,279.7701439933562,20
PSO,414,6189.498159626972,279.7701439933562,20
PSO,415,6189.498159626972,279.7701439933562,20
PSO,416,6189.498159626972,279.7701439933562,20
PSO,417,6189.498159626972,279.7701439933562,20
PSO,418,6189.498159626972,279.7701439933562,20
PSO,419,6189.498159626972,279.7701439933562,20
PSO,420,6189.498159626972,279.7701439933562,20
PSO,421,6189.498159626972,279.7701439933562,20
PSO,422,6189.498159626972,279.7701439933562,20
PSO,423,6189.498159626972,279.7701439933562,20
PSO,424,6189.498159626972,279.7701439933562,20
PSO,425,6189.498159626972,279.7701439933562,20
PSO,426,6189.498159626972,279.7701439933562,20
PSO,427,6189.498159626972,279.7701439933562,20
PSO,428,6189.498159626972,279.7701439933562,20
PSO,429,6189.498159626972,279.7701439933562,20
PSO,430,6189.498159626972,279.7701439933562,20
PSO,431,6184.515663107825,280.4903983273546,20
PSO,432,6184.515663107825,280.4903983273546,20
PSO,433,6184.515663107825,280.4903983273546,20
PSO,434,6184.515663107825,280.4903983273546,20
PSO,435,6184.515663107825,280.4903983273546,20
PSO,436,6184.515663107825,280.4903983273546,20
PSO,437,6184.515663107825,280.4903983273546,20
PSO,438,6184.515663107825,280.4903983273546,20
PSO,439,6184.515663107825,280.4903983273546,20
PSO,440,6177.777305963789,290.85651420079824,20
PSO,441,6177.777305963789,290.85651420079824,20
PSO,442,6177.777305963789,290.85651420079824,20
PSO,443,6177.777305963789,290.85651420079824,20
PSO,444,6177.777305963789,290.85651420079824,20
PSO,445,6177.777305963789,290.85651420079824,20
PSO,446,6177.777305963789,290.85651420079824,20
PSO,447,6177.777305963789,290.85651420079824,20
PSO,448,6177.777305963789,290.85651420079824,20
PSO,449,6177.777305963789,290.85651420079824,20
PSO,450,6177.777305963789,290.85651420079824,20
PSO,451,6177.777305963789,290.85651420079824,20
PSO,452,6177.777305963789,290.85651420079824,20
PSO,453,6177.777305963789,290.85651420079824,20
PSO,454,6177.777305963789,290.85651420079824,20
PSO,455,6177.777305963789,290.85651420079824,20
PSO,456,6177.777305963789,290.85651420079824,20
PSO,457,6177.777305963789,290.85651420079824,20
PSO,458,6177.777305963789,290.85651420079824,20
PSO,459,6177.777305963789,290.85651420079824,20
PSO,460,6177.777305963789,290.85651420079824,20
PSO,461,6177.777305963789,290.85651420079824,20
PSO,462,6177.777305963789,290.85651420079824,20
PSO,463,6177.777305963789,290.85651420079824,20
PSO,464,6177.777305963789,290.85651420079824,20
PSO,465,6177.777305963789,290.85651420079824,20
PSO,466,6177.777305963789,290.85651420079824,20
PSO,467,6177.777305963789,290.85651420079824,20
PSO,468,6177.777305963789,290.85651420079824,20
PSO,469,6177.777305963789,290.85651420079824,20
PSO,470,6177.777305963789,290.85651420079824,20
PSO,471,6177.777305963789,290.85651420079824,20
PSO,472,6177.777305963789,290.85651420079824,20
PSO,473,6177.777305963789,290.85651420079824,20
PSO,474,6177.777305963789,290.85651420079824,20
PSO,475,6177.777305963789,290.85651420079824,20
PSO,476,6177.777305963789,290.85651420079824,20
PSO,477,6177.777305963789,290.85651420079824,20
PSO,478,6177.777305963789,290.85651420079824,20
PSO,479,6177.777305963789,290.85651420079824,20
PSO,480,6177.777305963789,290.85651420079824,20
PSO,481,6177.777305963789,290.85651420079824,20
PSO,482,6177.777305963789,290.85651420079824,20
PSO,483,6177.777305963789,290.85651420079824,20
PSO,484,6177.777305963789,290.85651420079824,20
PSO,485,6177.777305963789,290.85651420079824,20
PSO,486,6177.777305963789,290.85651420079824,20
PSO,487,6177.777305963789,290.85651420079824,20
PSO,488,6177.777305963789,290.85651420079824,20
PSO,489,6177.777305963789,290.85651420079824,20
PSO,490,6177.777305963789,290.85651420079824,20
PSO,491,6177.777305963789,290.85651420079824,20
PSO,492,6176.9605462117615,293.42028784961065,20
PSO,493,6176.9605462117615,293.42028784961065,20
PSO,494,6176.9605462117615,293.42028784961065,20
PSO,495,6176.9605462117615,293.42028784961065,20
PSO,496,6176.9605462117615,293.42028784961065,20
PSO,497,6175.46041799419,293.40070069459745,20
PSO,498,6175.46041799419,293.40070069459745,20
PSO,499,6175.46041799419,293.40070069459745,20
PSO,500,6175.46041799419,293.40070069459745,20
PSO,501,6175.46041799419,293.40070069459745,20
PSO,502,6175.46041799419,293.40070069459745,20
PSO,503,6175.46041799419,293.40070069459745,20
PSO,504,6175.46041799419,293.40070069459745,20
PSO,505,6175.46041799419,293.40070069459745,20
PSO,506,6175.46041799419,293.40070069459745,20
PSO,507,6175.46041799419,293.40070069459745,20
PSO,508,6175.46041799419,293.40070069459745,20
PSO,509,6175.46041799419,293.40070069459745,20
PSO,510,6175.46041799419,293.40070069459745,20
PSO,511,6175.46041799419,293.40070069459745,20
PSO,512,6175.46041799419,293.40070069459745,20
PSO,513,6175.46041799419,293.40070069459745,20
PSO,514,6175.46041799419,293.40070069459745,20
PSO,515,6175.46041799419,293.40070069459745,20
PSO,516,6175.46041799419,293.40070069459745,20
PSO,517,6175.46041799419,293.40070069459745,20
PSO,518,6175.46041799419,293.40070069459745,20
PSO,519,6175.46041799419,293.40070069459745,20
PSO,520,6175.46041799419,293.40070069459745,20
PSO,521,6175.46041799419,293.40070069459745,20
PSO,522,6175.46041799419,293.40070069459745,20
PSO,523,6175.46041799419,293.40070069459745,20
PSO,524,6175.46041799419,293.40070069459745,20
PSO,525,6175.46041799419,293.40070069459745,20
PSO,526,6175.46041799419,293.40070069459745,20
PSO,527,6175.46041799419,293.40070069459745,20
PSO,528,6175.46041799419,293.40070069459745,20
PSO,529,6175.46041799419,293.40070069459745,20
PSO,530,6175.46041799419,293.40070069459745,20
PSO,531,6175.46041799419,293.40070069459745,20
PSO,532,6175.46041799419,293.40070069459745,20
PSO,533,6175.46041799419,293.40070069459745,20
PSO,534,6169.242500058655,294.95106767569666,20
PSO,535,6169.242500058655,294.95106767569666,20
PSO,536,6169.242500058655,294.95106767569666,20
PSO,537,6169.242500058655,294.95106767569666,20
PSO,538,6169.242500058655,294.95106767569666,20
PSO,539,6169.242500058655,294.95106767569666,20
PSO,540,6169.242500058655,294.95106767569666,20
PSO,541,6169.242500058655,294.95106767569666,20
PSO,542,6169.242500058655,294.95106767569666,20
PSO,543,6169.242500058655,294.95106767569666,20
PSO,544,6169.242500058655,294.95106767569666,20
PSO,545,6169.242500058655,294.95106767569666,20
PSO,546,6169.242500058655,294.95106767569666,20
PSO,547,6169.242500058655,294.95106767569666,20
PSO,548,6169.242500058655,294.95106767569666,20
PSO,549,6169.242500058655,294.95106767569666,20
PSO,550,6169.242500058655,294.95106767569666,20
PSO,551,6169.242500058655,294.95106767569666,20
PSO,552,6169.242500058655,294.95106767569666,20
PSO,553,6169.242500058655,294.95106767569666,20
PSO,554,6169.242500058655,294.95106767569666,20
PSO,555,6169.242500058655,294.95106767569666,20
PSO,556,6169.242500058655,294.95106767569666,20
PSO,557,6169.242500058655,294.95106767569666,20
PSO,558,6169.242500058655,294.95106767569666,20
PSO,559,6169.242500058655,294.95106767569666,20
PSO,560,6169.242500058655,294.95106767569666,20
PSO,561,6169.242500058655,294.95106767569666,20
PSO,562,6169.242500058655,294.95106767569666,20
PSO,563,6169.242500058655,294.95106767569666,20
PSO,564,6169.242500058655,294.95106767569666,20
PSO,565,6169.242500058655,294.95106767569666,20
PSO,566,6169.242500058655,294.95106767569666,20
PSO,567,6169.242500058655,294.95106767569666,20
PSO,568,6169.242500058655,294.95106767569666,20
PSO,569,6169.242500058655,294.95106767569666,20
PSO,570,6169.242500058655,294.95106767569666,20
PSO,571,6169.242500058655,294.95106767569666,20
PSO,572,6169.242500058655,294.95106767569666,20
PSO,573,6169.242500058655,294.95106767569666,20
PSO,574,6169.242500058655,294.95106767569666,20
PSO,575,6169.242500058655,294.95106767569666,20
PSO,576,6169.242500058655,294.95106767569666,20
PSO,577,6169.242500058655,294.95106767569666,20
PSO,578,6169.242500058655,294.95106767569666,20
PSO,579,6169.242500058655,294.95106767569666,20
PSO,580,6169.242500058655,294.95106767569666,20
PSO,581,6169.242500058655,294.95106767569666,20
PSO,582,6169.242500058655,294.95106767569666,20
PSO,583,6169.242500058655,294.95106767569666,20
PSO,584,6169.242500058655,294.95106767569666,20
PSO,585,6169.242500058655,294.95106767569666,20
PSO,586,6169.242500058655,294.95106767569666,20
PSO,587,6169.242500058655,294.95106767569666,20
PSO,588,6169.242500058655,294.95106767569666,20
PSO,589,6169.242500058655,294.95106767569666,20
PSO,590,6169.242500058655,294.95106767569666,20
PSO,591,6169.242500058655,294.95106767569666,20
PSO,592,6169.242500058655,294.95106767569666,20
PSO,593,6169.242500058655,294.95106767569666,20
PSO,594,6168.756452409065,294.39738139918376,20
PSO,595,6168.756452409065,294.39738139918376,20
PSO,596,6168.756452409065,294.39738139918376,20
PSO,597,6168.756452409065,294.39738139918376,20
PSO,598,6168.756452409065,294.39738139918376,20
PSO,599,6168.756452409065,294.39738139918376,20
PSO,600,6168.756452409065,294.39738139918376,20
PSO,601,6168.756452409065,294.39738139918376,20
PSO,602,6168.756452409065,294.39738139918376,20
PSO,603,6168.756452409065,294.39738139918376,20
PSO,604,6168.756452409065,294.39738139918376,20
PSO,605,6164.062209251783,296.27439986655986,20
PSO,606,6164.062209251783,296.27439986655986,20
PSO,607,6164.062209251783,296.27439986655986,20
PSO,608,6164.062209251783,296.27439986655986,20
PSO,609,6164.062209251783,296.27439986655986,20
PSO,610,6164.062209251783,296.27439986655986,20
PSO,611,6164.062209251783,296.27439986655986,20
PSO,612,6164.062209251783,296.27439986655986,20
PSO,613,6164.062209251783,296.27439986655986,20
PSO,614,6164.062209251783,296.27439986655986,20
PSO,615,6164.062209251783,296.27439986655986,20
PSO,616,6164.062209251783,296.27439986655986,20
PSO,617,6164.062209251783,296.27439986655986,20
PSO,618,6160.583681850868,298.6112426296161,20
PSO,619,6160.583681850868,298.6112426296161,20
PSO,620,6160.583681850868,298.6112426296161,20
PSO,621,6160.583681850868,298.6112426296161,20
PSO,622,6160.583681850868,298.6112426296161,20
PSO,623,6160.583681850868,298.6112426296161,20
PSO,624,6160.583681850868,298.6112426296161,20
PSO,625,6160.583681850868,298.6112426296161,20
PSO,626,6160.583681850868,298.6112426296161,20
PSO,627,6160.583681850868,298.6112426296161,20
PSO,628,6160.583681850868,298.6112426296161,20
PSO,629,6160.583681850868,298.6112426296161,20
PSO,630,6159.306452046278,297.2107946933531,20
PSO,631,6159.306452046278,297.2107946933531,20
PSO,632,6159.306452046278,297.2107946933531,20
PSO,633,6159.306452046278,297.2107946933531,20
PSO,634,6159.306452046278,297.2107946933531,20
PSO,635,6159.306452046278,297.2107946933531,20
PSO,636,6159.306452046278,297.2107946933531,20
PSO,637,6159.306452046278,297.2107946933531,20
PSO,638,6159.306452046278,297.2107946933531,20
PSO,639,6159.306452046278,297.2107946933531,20
PSO,640,6159.306452046278,297.2107946933531,20
PSO,641,6159.306452046278,297.2107946933531,20
PSO,642,6159.306452046278,297.2107946933531,20
PSO,643,6159.306452046278,297.2107946933531,20
PSO,644,6159.306452046278,297.2107946933531,20
PSO,645,6159.306452046278,297.2107946933531,20
PSO,646,6159.306452046278,297.2107946933531,20
PSO,647,6159.306452046278,297.2107946933531,20
PSO,648,6159.306452046278,297.2107946933531,20
PSO,649,6159.306452046278,297.2107946933531,20
PSO,650,6159.306452046278,297.2107946933531,20
PSO,651,6159.306452046278,297.2107946933531,20
PSO,652,6159.306452046278,297.2107946933531,20
PSO,653,6159.306452046278,297.2107946933531,20
PSO,654,6159.306452046278,297.2107946933531,20
PSO,655,6159.306452046278,297.2107946933531,20
PSO,656,6159.306452046278,297.2107946933531,20
PSO,657,6159.306452046278,297.2107946933531,20
PSO,658,6159.306452046278,297.2107946933531,20
PSO,659,6159.306452046278,297.2107946933531,20
PSO,660,6159.306452046278,297.2107946933531,20
PSO,661,6159.306452046278,297.2107946933531,20
PSO,662,6159.306452046278,297.2107946933531,20
PSO,663,6159.306452046278,297.2107946933531,20
PSO,664,6159.306452046278,297.2107946933531,20
PSO,665,6159.306452046278,297.2107946933531,20
PSO,666,6159.306452046278,297.2107946933531,20
PSO,667,6159.306452046278,297.2107946933531,20
PSO,668,6159.306452046278,297.2107946933531,20
PSO,669,6159.306452046278,297.2107946933531,20
PSO,670,6159.306452046278,297.2107946933531,20
PSO,671,6159.306452046278,297.2107946933531,20
PSO,672,6159.306452046278,297.2107946933531,20
PSO,673,6159.306452046278,297.2107946933531,20
PSO,674,6159.306452046278,297.2107946933531,20
PSO,675,6159.306452046278,297.2107946933531,20
PSO,676,6159.306452046278,297.2107946933531,20
PSO,677,6159.306452046278,297.2107946933531,20
PSO,678,6159.306452046278,297.2107946933531,20
PSO,679,6159.306452046278,297.2107946933531,20
PSO,680,6159.306452046278,297.2107946933531,20
PSO,681,6155.15357792976,294.3030231562672,20
PSO,682,6155.15357792976,294.3030231562672,20
PSO,683,6155.15357792976,294.3030231562672,20
PSO,684,6155.15357792976,294.3030231562672,20
PSO,685,6155.15357792976,294.3030231562672,20
PSO,686,6155.15357792976,294.3030231562672,20
PSO,687,6155.15357792976,294.3030231562672,20
PSO,688,6155.15357792976,294.3030231562672,20
PSO,689,6155.15357792976,294.3030231562672,20
PSO,690,6155.15357792976,294.3030231562672,20
PSO,691,6155.15357792976,294.3030231562672,20
PSO,692,6155.15357792976,294.3030231562672,20
PSO,693,6155.15357792976,294.3030231562672,20
PSO,694,6155.15357792976,294.3030231562672,20
PSO,695,6155.15357792976,294.3030231562672,20
PSO,696,6155.15357792976,294.3030231562672,20
PSO,697,6155.15357792976,294.3030231562672,20
PSO,698,6155.15357792976,294.3030231562672,20
PSO,699,6155.15357792976,294.3030231562672,20
PSO,700,6155.15357792976,294.3030231562672,20
PSO,701,6155.15357792976,294.3030231562672,20
PSO,702,6143.425050951109,291.13723737860937,20
PSO,703,6142.923226335183,291.3325853241951,20
PSO,704,6140.270131605173,289.9459847944853,20
PSO,705,6140.270131605173,289.9459847944853,20
PSO,706,6129.455017990471,289.9643614770316,20
PSO,707,6129.455017990471,289.9643614770316,20
PSO,708,6129.455017990471,289.9643614770316,20
PSO,709,6129.455017990471,289.9643614770316,20
PSO,710,6129.455017990471,289.9643614770316,20
PSO,711,6129.455017990471,289.9643614770316,20
PSO,712,6129.455017990471,289.9643614770316,20
PSO,713,6129.455017990471,289.9643614770316,20
PSO,714,6129.455017990471,289.9643614770316,20
PSO,715,6129.455017990471,289.9643614770316,20
PSO,716,6129.455017990471,289.9643614770316,20
PSO,717,6129.455017990471,289.9643614770316,20
PSO,718,6129.455017990471,289.9643614770316,20
PSO,719,6129.455017990471,289.9643614770316,20
PSO,720,6129.455017990471,289.9643614770316,20
PSO,721,6127.281985137355,290.44324367748635,20
PSO,722,6127.281985137355,290.44324367748635,20
PSO,723,6127.281985137355,290.44324367748635,20
PSO,724,6127.281985137355,290.44324367748635,20
PSO,725,6127.281985137355,290.44324367748635,20
PSO,726,6127.281985137355,290.44324367748635,20
PSO,727,6127.281985137355,290.44324367748635,20
PSO,728,6127.281985137355,290.44324367748635,20
PSO,729,6127.281985137355,290.44324367748635,20
PSO,730,6127.281985137355,290.44324367748635,20
PSO,731,6127.281985137355,290.44324367748635,20
PSO,732,6127.281985137355,290.44324367748635,20
PSO,733,6127.281985137355,290.44324367748635,20
PSO,734,6127.281985137355,290.44324367748635,20
PSO,735,6127.281985137355,290.44324367748635,20
PSO,736,6127.281985137355,290.44324367748635,20
PSO,737,6127.281985137355,290.44324367748635,20
PSO,738,6127.281985137355,290.44324367748635,20
PSO,739,6127.281985137355,290.44324367748635,20
PSO,740,6127.281985137355,290.44324367748635,20
PSO,741,6127.281985137355,290.44324367748635,20
PSO,742,6127.281985137355,290.44324367748635,20
PSO,743,6127.281985137355,290.44324367748635,20
PSO,744,6127.281985137355,290.44324367748635,20
PSO,745,6127.281985137355,290.44324367748635,20
PSO,746,6127.281985137355,290.44324367748635,20
PSO,747,6127.281985137355,290.44324367748635,20
PSO,748,6120.579488297528,296.5311390203356,20
PSO,749,6120.579488297528,296.5311390203356,20
PSO,750,6120.579488297528,296.5311390203356,20
PSO,751,6120.579488297528,296.5311390203356,20
PSO,752,6120.579488297528,296.5311390203356,20
PSO,753,6120.579488297528,296.5311390203356,20
PSO,754,6120.579488297528,296.5311390203356,20
PSO,755,6120.579488297528,296.5311390203356,20
PSO,756,6120.579488297528,296.5311390203356,20
PSO,757,6120.579488297528,296.5311390203356,20
PSO,758,6117.09791440855,297.10637746369224,20
PSO,759,6117.09791440855,297.10637746369224,20
PSO,760,6117.09791440855,297.10637746369224,20
PSO,761,6117.09791440855,297.10637746369224,20
PSO,762,6117.09791440855,297.10637746369224,20
PSO,763,6117.09791440855,297.10637746369224,20
PSO,764,6117.09791440855,297.10637746369224,20
PSO,765,6117.09791440855,297.10637746369224,20
PSO,766,6117.09791440855,297.10637746369224,20
PSO,767,6117.09791440855,297.10637746369224,20
PSO,768,6117.09791440855,297.10637746369224,20
PSO,769,6117.09791440855,297.10637746369224,20
PSO,770,6117.09791440855,297.10637746369224,20
PSO,771,6117.09791440855,297.10637746369224,20
PSO,772,6117.09791440855,297.10637746369224,20
PSO,773,6117.09791440855,297.10637746369224,20
PSO,774,6117.09791440855,297.10637746369224,20
PSO,775,6117.09791440855,297.10637746369224,20
PSO,776,6117.09791440855,297.10637746369224,20
PSO,777,6117.09791440855,297.10637746369224,20
PSO,778,6117.09791440855,297.10637746369224,20
PSO,779,6117.09791440855,297.10637746369224,20
PSO,780,6117.09791440855,297.10637746369224,20
PSO,781,6117.09791440855,297.10637746369224,20
PSO,782,6117.09791440855,297.10637746369224,20
PSO,783,6117.09791440855,297.10637746369224,20
PSO,784,6117.09791440855,297.10637746369224,20
PSO,785,6117.09791440855,297.10637746369224,20
PSO,786,6117.09791440855,297.10637746369224,20
PSO,787,6117.09791440855,297.10637746369224,20
PSO,788,6117.09791440855,297.10637746369224,20
PSO,789,6117.09791440855,297.10637746369224,20
PSO,790,6117.09791440855,297.10637746369224,20
PSO,791,6117.09791440855,297.10637746369224,20
PSO,792,6117.09791440855,297.10637746369224,20
PSO,793,6117.09791440855,297.10637746369224,20
PSO,794,6117.09791440855,297.10637746369224,20
PSO,795,6117.09791440855,297.10637746369224,20
PSO,796,6117.09791440855,297.10637746369224,20
PSO,797,6116.2656817933685,296.12439731744337,20
PSO,798,6116.2656817933685,296.12439731744337,20
PSO,799,6116.2656817933685,296.12439731744337,20
PSO,800,6116.2656817933685,296.12439731744337,20
PSO,801,6116.2656817933685,296.12439731744337,20
PSO,802,6116.2656817933685,296.12439731744337,20
PSO,803,6116.2656817933685,296.12439731744337,20
PSO,804,6116.2656817933685,296.12439731744337,20
PSO,805,6116.2656817933685,296.12439731744337,20
PSO,806,6115.985956136051,295.8041226589704,20
PSO,807,6115.985956136051,295.8041226589704,20
PSO,808,6115.985956136051,295.8041226589704,20
PSO,809,6115.985956136051,295.8041226589704,20
PSO,810,6115.985956136051,295.8041226589704,20
PSO,811,6115.985956136051,295.8041226589704,20
PSO,812,6115.985956136051,295.8041226589704,20
PSO,813,6115.985956136051,295.8041226589704,20
PSO,814,6115.985956136051,295.8041226589704,20
PSO,815,6115.985956136051,295.8041226589704,20
PSO,816,6115.985956136051,295.8041226589704,20
PSO,817,6115.985956136051,295.8041226589704,20
PSO,818,6115.985956136051,295.8041226589704,20
PSO,819,6115.985956136051,295.8041226589704,20
PSO,820,6115.985956136051,295.8041226589704,20
PSO,821,6115.985956136051,295.8041226589704,20
PSO,822,6115.985956136051,295.8041226589704,20
PSO,823,6115.985956136051,295.8041226589704,20
PSO,824,6115.985956136051,295.8041226589704,20
PSO,825,6115.985956136051,295.8041226589704,20
PSO,826,6115.985956136051,295.8041226589704,20
PSO,827,6115.985956136051,295.8041226589704,20
PSO,828,6115.985956136051,295.8041226589704,20
PSO,829,6115.985956136051,295.8041226589704,20
PSO,830,6115.985956136051,295.8041226589704,20
PSO,831,6115.985956136051,295.8041226589704,20
PSO,832,6115.985956136051,295.8041226589704,20
PSO,833,6115.985956136051,295.8041226589704,20
PSO,834,6115.985956136051,295.8041226589704,20
PSO,835,6115.985956136051,295.8041226589704,20
PSO,836,6115.985956136051,295.8041226589704,20
PSO,837,6115.985956136051,295.8041226589704,20
PSO,838,6115.985956136051,295.8041226589704,20
PSO,839,6115.985956136051,295.8041226589704,20
PSO,840,6115.985956136051,295.8041226589704,20
PSO,841,6115.985956136051,295.8041226589704,20
PSO,842,6115.985956136051,295.8041226589704,20
PSO,843,6115.985956136051,295.8041226589704,20
PSO,844,6115.985956136051,295.8041226589704,20
PSO,845,6115.985956136051,295.8041226589704,20
PSO,846,6115.985956136051,295.8041226589704,20
PSO,847,6115.985956136051,295.8041226589704,20
PSO,848,6115.985956136051,295.8041226589704,20
PSO,849,6115.985956136051,295.8041226589704,20
PSO,850,6115.985956136051,295.8041226589704,20
PSO,851,6115.985956136051,295.8041226589704,20
PSO,852,6115.985956136051,295.8041226589704,20
PSO,853,6115.985956136051,295.8041226589704,20
PSO,854,6115.985956136051,295.8041226589704,20
PSO,855,6115.985956136051,295.8041226589704,20
PSO,856,6115.985956136051,295.8041226589704,20
PSO,857,6115.985956136051,295.8041226589704,20
PSO,858,6115.985956136051,295.8041226589704,20
PSO,859,6110.471565806682,298.36250259211903,20
PSO,860,6110.471565806682,298.36250259211903,20
PSO,861,6110.471565806682,298.36250259211903,20
PSO,862,6110.471565806682,298.36250259211903,20
PSO,863,6110.471565806682,298.36250259211903,20
PSO,864,6110.471565806682,298.36250259211903,20
PSO,865,6110.471565806682,298.36250259211903,20
PSO,866,6110.471565806682,298.36250259211903,20
PSO,867,6110.471565806682,298.36250259211903,20
PSO,868,6110.471565806682,298.36250259211903,20
PSO,869,6110.471565806682,298.36250259211903,20
PSO,870,6110.471565806682,298.36250259211903,20
PSO,871,6110.471565806682,298.36250259211903,20
PSO,872,6110.471565806682,298.36250259211903,20
PSO,873,6110.471565806682,298.36250259211903,20
PSO,874,6110.471565806682,298.36250259211903,20
PSO,875,6110.471565806682,298.36250259211903,20
PSO,876,6110.471565806682,298.36250259211903,20
PSO,877,6110.471565806682,298.36250259211903,20
PSO,878,6110.471565806682,298.36250259211903,20
PSO,879,6093.938526964191,293.647180391916,20
PSO,880,6093.938526964191,293.647180391916,20
PSO,881,6093.938526964191,293.647180391916,20
PSO,882,6093.938526964191,293.647180391916,20
PSO,883,6093.938526964191,293.647180391916,20
PSO,884,6093.938526964191,293.647180391916,20
PSO,885,6093.938526964191,293.647180391916,20
PSO,886,6093.938526964191,293.647180391916,20
PSO,887,6093.938526964191,293.647180391916,20
PSO,888,6093.938526964191,293.647180391916,20
PSO,889,6093.938526964191,293.647180391916,20
PSO,890,6093.938526964191,293.647180391916,20
PSO,891,6093.938526964191,293.647180391916,20
PSO,892,6091.516812051963,290.86071691926827,20
PSO,893,6091.516812051963,290.86071691926827,20
PSO,894,6091.516812051963,290.86071691926827,20
PSO,895,6091.18704959261,290.5104534306857,20
PSO,896,6091.18704959261,290.5104534306857,20
PSO,897,6091.18704959261,290.5104534306857,20
PSO,898,6091.18704959261,290.5104534306857,20
PSO,899,6091.18704959261,290.5104534306857,20
PSO,900,6091.18704959261,290.5104534306857,20
PSO,901,6091.18704959261,290.5104534306857,20
PSO,902,6091.18704959261,290.5104534306857,20
PSO,903,6091.18704959261,290.5104534306857,20
PSO,904,6091.18704959261,290.5104534306857,20
PSO,905,6091.18704959261,290.5104534306857,20
PSO,906,6091.18704959261,290.5104534306857,20
PSO,907,6091.18704959261,290.5104534306857,20
PSO,908,6091.18704959261,290.5104534306857,20
PSO,909,6091.18704959261,290.5104534306857,20
PSO,910,6091.18704959261,290.5104534306857,20
PSO,911,6091.18704959261,290.5104534306857,20
PSO,912,6091.18704959261,290.5104534306857,20
PSO,913,6091.18704959261,290.5104534306857,20
PSO,914,6091.18704959261,290.5104534306857,20
PSO,915,6091.18704959261,290.5104534306857,20
PSO,916,6091.18704959261,290.5104534306857,20
PSO,917,6091.18704959261,290.5104534306857,20
PSO,918,6091.18704959261,290.5104534306857,20
PSO,919,6091.18704959261,290.5104534306857,20
PSO,920,6091.18704959261,290.5104534306857,20
PSO,921,6091.18704959261,290.5104534306857,20
PSO,922,6091.18704959261,290.5104534306857,20
PSO,923,6091.18704959261,290.5104534306857,20
PSO,924,6091.18704959261,290.5104534306857,20
PSO,925,6090.524882395241,290.63421939896966,20
PSO,926,6090.524882395241,290.63421939896966,20
PSO,927,6090.524882395241,290.63421939896966,20
PSO,928,6090.524882395241,290.63421939896966,20
PSO,929,6090.524882395241,290.63421939896966,20
PSO,930,6090.524882395241,290.63421939896966,20
PSO,931,6090.524882395241,290.63421939896966,20
PSO,932,6090.524882395241,290.63421939896966,20
PSO,933,6090.524882395241,290.63421939896966,20
PSO,934,6090.524882395241,290.63421939896966,20
PSO,935,6090.524882395241,290.63421939896966,20
PSO,936,6090.524882395241,290.63421939896966,20
PSO,937,6090.524882395241,290.63421939896966,20
PSO,938,6090.524882395241,290.63421939896966,20
PSO,939,6090.524882395241,290.63421939896966,20
PSO,940,6090.524882395241,290.63421939896966,20
PSO,941,6090.524882395241,290.63421939896966,20
PSO,942,6090.524882395241,290.63421939896966,20
PSO,943,6090.524882395241,290.63421939896966,20
PSO,944,6086.847407135252,286.4783187714643,20
PSO,945,6086.847407135252,286.4783187714643,20
PSO,946,6086.847407135252,286.4783187714643,20
PSO,947,6086.847407135252,286.4783187714643,20
PSO,948,6081.496789594744,292.97161858078465,20
PSO,949,6081.496789594744,292.97161858078465,20
PSO,950,6081.496789594744,292.97161858078465,20
PSO,951,6081.496789594744,292.97161858078465,20
PSO,952,6081.496789594744,292.97161858078465,20
PSO,953,6081.496789594744,292.97161858078465,20
PSO,954,6081.496789594744,292.97161858078465,20
PSO,955,6081.496789594744,292.97161858078465,20
PSO,956,6081.496789594744,292.97161858078465,20
PSO,957,6081.496789594744,292.97161858078465,20
PSO,958,6081.496789594744,292.97161858078465,20
PSO,959,6081.496789594744,292.97161858078465,20
PSO,960,6081.496789594744,292.97161858078465,20
PSO,961,6081.496789594744,292.97161858078465,20
PSO,962,6081.496789594744,292.97161858078465,20
PSO,963,6081.496789594744,292.97161858078465,20
PSO,964,6081.496789594744,292.97161858078465,20
PSO,965,6081.496789594744,292.97161858078465,20
PSO,966,6081.496789594744,292.97161858078465,20
PSO,967,6081.496789594744,292.97161858078465,20
PSO,968,6081.496789594744,292.97161858078465,20
PSO,969,6081.496789594744,292.97161858078465,20
PSO,970,6081.496789594744,292.97161858078465,20
PSO,971,6081.496789594744,292.97161858078465,20
PSO,972,6081.496789594744,292.97161858078465,20
PSO,973,6081.496789594744,292.97161858078465,20
PSO,974,6081.496789594744,292.97161858078465,20
PSO,975,6081.496789594744,292.97161858078465,20
PSO,976,6081.496789594744,292.97161858078465,20
PSO,977,6081.496789594744,292.97161858078465,20
PSO,978,6081.496789594744,292.97161858078465,20
PSO,979,6081.496789594744,292.97161858078465,20
PSO,980,6081.496789594744,292.97161858078465,20
PSO,981,6081.496789594744,292.97161858078465,20
PSO,982,6081.496789594744,292.97161858078465,20
PSO,983,6081.496789594744,292.97161858078465,20
PSO,984,6081.496789594744,292.97161858078465,20
PSO,985,6081.496789594744,292.97161858078465,20
PSO,986,6081.496789594744,292.97161858078465,20
PSO,987,6081.496789594744,292.97161858078465,20
PSO,988,6081.496789594744,292.97161858078465,20
PSO,989,6081.496789594744,292.97161858078465,20
PSO,990,6081.496789594744,292.97161858078465,20
PSO,991,6081.496789594744,292.97161858078465,20
PSO,992,6081.496789594744,292.97161858078465,20
PSO,993,6081.496789594744,292.97161858078465,20
PSO,994,6081.496789594744,292.97161858078465,20
PSO,995,6081.496789594744,292.97161858078465,20
PSO,996,6081.496789594744,292.97161858078465,20
PSO,997,6081.496789594744,292.97161858078465,20
PSO,998,6081.496789594744,292.97161858078465,20
PSO,999,6081.496789594744,292.97161858078465,20
PSO,1000,6081.496789594744,292.97161858078465,20
PSO,1001,6081.496789594744,292.97161858078465,20
PSO,1002,6080.587511425894,291.1743556120301,20
PSO,1003,6080.587511425894,291.1743556120301,20
PSO,1004,6080.587511425894,291.1743556120301,20
PSO,1005,6080.587511425894,291.1743556120301,20
PSO,1006,6080.587511425894,291.1743556120301,20
PSO,1007,6080.587511425894,291.1743556120301,20
PSO,1008,6080.587511425894,291.1743556120301,20
PSO,1009,6080.587511425894,291.1743556120301,20
PSO,1010,6080.587511425894,291.1743556120301,20
PSO,1011,6080.587511425894,291.1743556120301,20
PSO,1012,6080.587511425894,291.1743556120301,20
PSO,1013,6078.17853976213,289.4367722415227,20
PSO,1014,6078.17853976213,289.4367722415227,20
PSO,1015,6078.17853976213,289.4367722415227,20
PSO,1016,6078.17853976213,289.4367722415227,20
PSO,1017,6078.17853976213,289.4367722415227,20
PSO,1018,6078.17853976213,289.4367722415227,20
PSO,1019,6078.17853976213,289.4367722415227,20
PSO,1020,6078.17853976213,289.4367722415227,20
PSO,1021,6078.17853976213,289.4367722415227,20
PSO,1022,6078.17853976213,289.4367722415227,20
PSO,1023,6078.17853976213,289.4367722415227,20
PSO,1024,6077.147714251227,287.4338383607993,20
PSO,1025,6077.147714251227,287.4338383607993,20
PSO,1026,6077.147714251227,287.4338383607993,20
PSO,1027,6077.147714251227,287.4338383607993,20
PSO,1028,6074.309750504075,288.1756714623404,20
PSO,1029,6074.309750504075,288.1756714623404,20
PSO,1030,6074.309750504075,288.1756714623404,20
PSO,1031,6074.309750504075,288.1756714623404,20
PSO,1032,6074.309750504075,288.1756714623404,20
PSO,1033,6074.309750504075,288.1756714623404,20
PSO,1034,6074.309750504075,288.1756714623404,20
PSO,1035,6074.309750504075,288.1756714623404,20
PSO,1036,6074.309750504075,288.1756714623404,20
PSO,1037,6074.309750504075,288.1756714623404,20
PSO,1038,6074.309750504075,288.1756714623404,20
PSO,1039,6074.309750504075,288.1756714623404,20
PSO,1040,6074.309750504075,288.1756714623404,20
PSO,1041,6074.309750504075,288.1756714623404,20
PSO,1042,6074.309750504075,288.1756714623404,20
PSO,1043,6074.309750504075,288.1756714623404,20
PSO,1044,6074.309750504075,288.1756714623404,20
PSO,1045,6074.309750504075,288.1756714623404,20
PSO,1046,6074.309750504075,288.1756714623404,20
PSO,1047,6074.309750504075,288.1756714623404,20
PSO,1048,6074.309750504075,288.1756714623404,20
PSO,1049,6074.309750504075,288.1756714623404,20
PSO,1050,6074.309750504075,288.1756714623404,20
PSO,1051,6074.309750504075,288.1756714623404,20
PSO,1052,6074.309750504075,288.1756714623404,20
PSO,1053,6074.309750504075,288.1756714623404,20
PSO,1054,6074.309750504075,288.1756714623404,20
PSO,1055,6074.309750504075,288.1756714623404,20
PSO,1056,6074.309750504075,288.1756714623404,20
PSO,1057,6074.309750504075,288.1756714623404,20
PSO,1058,6074.309750504075,288.1756714623404,20
PSO,1059,6074.309750504075,288.1756714623404,20
PSO,1060,6074.309750504075,288.1756714623404,20
PSO,1061,6074.309750504075,288.1756714623404,20
PSO,1062,6074.309750504075,288.1756714623404,20
PSO,1063,6074.309750504075,288.1756714623404,20
PSO,1064,6074.309750504075,288.1756714623404,20
PSO,1065,6074.309750504075,288.1756714623404,20
PSO,1066,6074.309750504075,288.1756714623404,20
PSO,1067,6074.309750504075,288.1756714623404,20
PSO,1068,6074.309750504075,288.1756714623404,20
PSO,1069,6074.309750504075,288.1756714623404,20
PSO,1070,6074.309750504075,288.1756714623404,20
PSO,1071,6074.309750504075,288.1756714623404,20
PSO,1072,6074.309750504075,288.1756714623404,20
PSO,1073,6074.309750504075,288.1756714623404,20
PSO,1074,6074.309750504075,288.1756714623404,20
PSO,1075,6074.309750504075,288.1756714623404,20
PSO,1076,6074.309750504075,288.1756714623404,20
PSO,1077,6074.309750504075,288.1756714623404,20
PSO,1078,6074.309750504075,288.1756714623404,20
PSO,1079,6074.309750504075,288.1756714623404,20
PSO,1080,6074.309750504075,288.1756714623404,20
PSO,1081,6074.309750504075,288.1756714623404,20
PSO,1082,6074.309750504075,288.1756714623404,20
PSO,1083,6074.309750504075,288.1756714623404,20
PSO,1084,6074.309750504075,288.1756714623404,20
PSO,1085,6074.309750504075,288.1756714623404,20
PSO,1086,6074.309750504075,288.1756714623404,20
PSO,1087,6074.309750504075,288.1756714623404,20
PSO,1088,6074.309750504075,288.1756714623404,20
PSO,1089,6074.309750504075,288.1756714623404,20
PSO,1090,6074.309750504075,288.1756714623404,20
PSO,1091,6074.309750504075,288.1756714623404,20
PSO,1092,6074.309750504075,288.1756714623404,20
PSO,1093,6074.309750504075,288.1756714623404,20
PSO,1094,6074.309750504075,288.1756714623404,20
PSO,1095,6074.309750504075,288.1756714623404,20
PSO,1096,6074.309750504075,288.1756714623404,20
PSO,1097,6074.309750504075,288.1756714623404,20
PSO,1098,6074.309750504075,288.1756714623404,20
PSO,1099,6074.309750504075,288.1756714623404,20
PSO,1100,6074.309750504075,288.1756714623404,20
PSO,1101,6074.309750504075,288.1756714623404,20
PSO,1102,6074.309750504075,288.1756714623404,20
PSO,1103,6074.309750504075,288.1756714623404,20
PSO,1104,6065.852001243367,285.0832254248729,20
PSO,1105,6065.852001243367,285.0832254248729,20
PSO,1106,6065.852001243367,285.0832254248729,20
PSO,1107,6065.852001243367,285.0832254248729,20
PSO,1108,6065.852001243367,285.0832254248729,20
PSO,1109,6065.852001243367,285.0832254248729,20
PSO,1110,6065.852001243367,285.0832254248729,20
PSO,1111,6065.852001243367,285.0832254248729,20
PSO,1112,6065.852001243367,285.0832254248729,20
PSO,1113,6063.833543848015,286.25748020926227,20
PSO,1114,6063.833543848015,286.25748020926227,20
PSO,1115,6063.833543848015,286.25748020926227,20
PSO,1116,6063.833543848015,286.25748020926227,20
PSO,1117,6063.833543848015,286.25748020926227,20
PSO,1118,6063.833543848015,286.25748020926227,20
PSO,1119,6063.833543848015,286.25748020926227,20
PSO,1120,6063.833543848015,286.25748020926227,20
PSO,1121,6063.833543848015,286.25748020926227,20
PSO,1122,6063.833543848015,286.25748020926227,20
PSO,1123,6063.833543848015,286.25748020926227,20
PSO,1124,6063.833543848015,286.25748020926227,20
PSO,1125,6062.40775429617,284.76288256947845,20
PSO,1126,6062.40775429617,284.76288256947845,20
PSO,1127,6062.40775429617,284.76288256947845,20
PSO,1128,6062.40775429617,284.76288256947845,20
PSO,1129,6061.44799310623,286.09112915979523,20
PSO,1130,6061.44799310623,286.09112915979523,20
PSO,1131,6061.44799310623,286.09112915979523,20
PSO,1132,6061.44799310623,286.09112915979523,20
PSO,1133,6061.44799310623,286.09112915979523,20
PSO,1134,6061.44799310623,286.09112915979523,20
PSO,1135,6061.44799310623,286.09112915979523,20
PSO,1136,6061.44799310623,286.09112915979523,20
PSO,1137,6061.44799310623,286.09112915979523,20
PSO,1138,6061.44799310623,286.09112915979523,20
PSO,1139,6061.44799310623,286.09112915979523,20
PSO,1140,6061.44799310623,286.09112915979523,20
PSO,1141,6061.44799310623,286.09112915979523,20
PSO,1142,6061.44799310623,286.09112915979523,20
PSO,1143,6061.44799310623,286.09112915979523,20
PSO,1144,6061.44799310623,286.09112915979523,20
PSO,1145,6061.44799310623,286.09112915979523,20
PSO,1146,6061.44799310623,286.09112915979523,20
PSO,1147,6061.44799310623,286.09112915979523,20
PSO,1148,6061.44799310623,286.09112915979523,20
PSO,1149,6061.44799310623,286.09112915979523,20
PSO,1150,6061.44799310623,286.09112915979523,20
PSO,1151,6061.44799310623,286.09112915979523,20
PSO,1152,6061.44799310623,286.09112915979523,20
PSO,1153,6061.44799310623,286.09112915979523,20
PSO,1154,6061.44799310623,286.09112915979523,20
PSO,1155,6061.44799310623,286.09112915979523,20
PSO,1156,6061.44799310623,286.09112915979523,20
PSO,1157,6061.44799310623,286.09112915979523,20
PSO,1158,6061.44799310623,286.09112915979523,20
PSO,1159,6061.44799310623,286.09112915979523,20
PSO,1160,6061.44799310623,286.09112915979523,20
PSO,1161,6061.44799310623,286.09112915979523,20
PSO,1162,6061.44799310623,286.09112915979523,20
PSO,1163,6061.44799310623,286.09112915979523,20
PSO,1164,6061.44799310623,286.09112915979523,20
PSO,1165,6061.44799310623,286.09112915979523,20
PSO,1166,6061.44799310623,286.09112915979523,20
PSO,1167,6061.44799310623,286.09112915979523,20
PSO,1168,6061.44799310623,286.09112915979523,20
PSO,1169,6061.44799310623,286.09112915979523,20
PSO,1170,6061.44799310623,286.09112915979523,20
PSO,1171,6061.44799310623,286.09112915979523,20
PSO,1172,6061.44799310623,286.09112915979523,20
PSO,1173,6061.44799310623,286.09112915979523,20
PSO,1174,6061.44799310623,286.09112915979523,20
PSO,1175,6061.44799310623,286.09112915979523,20
PSO,1176,6061.44799310623,286.09112915979523,20
PSO,1177,6061.44799310623,286.09112915979523,20
PSO,1178,6061.44799310623,286.09112915979523,20
PSO,1179,6061.44799310623,286.09112915979523,20
PSO,1180,6061.44799310623,286.09112915979523,20
PSO,1181,6061.44799310623,286.09112915979523,20
PSO,1182,6061.44799310623,286.09112915979523,20
PSO,1183,6061.44799310623,286.09112915979523,20
PSO,1184,6061.44799310623,286.09112915979523,20
PSO,1185,6061.44799310623,286.09112915979523,20
PSO,1186,6061.44799310623,286.09112915979523,20
PSO,1187,6061.44799310623,286.09112915979523,20
PSO,1188,6061.44799310623,286.09112915979523,20
PSO,1189,6061.44799310623,286.09112915979523,20
PSO,1190,6061.44799310623,286.09112915979523,20
PSO,1191,6061.44799310623,286.09112915979523,20
PSO,1192,6061.44799310623,286.09112915979523,20
PSO,1193,6061.44799310623,286.09112915979523,20
PSO,1194,6061.44799310623,286.09112915979523,20
PSO,1195,6061.44799310623,286.09112915979523,20
PSO,1196,6061.44799310623,286.09112915979523,20
PSO,1197,6061.44799310623,286.09112915979523,20
PSO,1198,6061.44799310623,286.09112915979523,20
PSO,1199,6061.44799310623,286.09112915979523,20
PSO,1200,6061.44799310623,286.09112915979523,20
PSO,1201,6061.44799310623,286.09112915979523,20
PSO,1202,6061.44799310623,286.09112915979523,20
PSO,1203,6061.44799310623,286.09112915979523,20
PSO,1204,6061.44799310623,286.09112915979523,20
PSO,1205,6061.44799310623,286.09112915979523,20
PSO,1206,6061.44799310623,286.09112915979523,20
PSO,1207,6061.44799310623,286.09112915979523,20
PSO,1208,6061.44799310623,286.09112915979523,20
PSO,1209,6061.44799310623,286.09112915979523,20
PSO,1210,6061.44799310623,286.09112915979523,20
PSO,1211,6061.44799310623,286.09112915979523,20
PSO,1212,6061.44799310623,286.09112915979523,20
PSO,1213,6061.44799310623,286.09112915979523,20
PSO,1214,6061.44799310623,286.09112915979523,20
PSO,1215,6061.44799310623,286.09112915979523,20
PSO,1216,6061.44799310623,286.09112915979523,20
PSO,1217,6061.44799310623,286.09112915979523,20
PSO,1218,6061.44799310623,286.09112915979523,20
PSO,1219,6061.44799310623,286.09112915979523,20
PSO,1220,6061.44799310623,286.09112915979523,20
PSO,1221,6061.44799310623,286.09112915979523,20
PSO,1222,6061.44799310623,286.09112915979523,20
PSO,1223,6061.44799310623,286.09112915979523,20
PSO,1224,6061.44799310623,286.09112915979523,20
PSO,1225,6061.44799310623,286.09112915979523,20
PSO,1226,6061.44799310623,286.09112915979523,20
PSO,1227,6061.44799310623,286.09112915979523,20
PSO,1228,6061.44799310623,286.09112915979523,20
PSO,1229,6061.44799310623,286.09112915979523,20
PSO,1230,6061.44799310623,286.09112915979523,20
PSO,1231,6061.44799310623,286.09112915979523,20
PSO,1232,6061.44799310623,286.09112915979523,20
PSO,1233,6061.44799310623,286.09112915979523,20
PSO,1234,6061.44799310623,286.09112915979523,20
PSO,1235,6061.44799310623,286.09112915979523,20
PSO,1236,6061.44799310623,286.09112915979523,20
PSO,1237,6061.44799310623,286.09112915979523,20
PSO,1238,6061.44799310623,286.09112915979523,20
PSO,1239,6061.44799310623,286.09112915979523,20
PSO,1240,6061.44799310623,286.09112915979523,20
PSO,1241,6061.44799310623,286.09112915979523,20
PSO,1242,6061.44799310623,286.09112915979523,20
PSO,1243,6061.44799310623,286.09112915979523,20
PSO,1244,6061.44799310623,286.09112915979523,20
PSO,1245,6061.44799310623,286.09112915979523,20
PSO,1246,6060.329397970207,286.03765980832344,20
PSO,1247,6060.329397970207,286.03765980832344,20
PSO,1248,6059.079853338886,286.2295604551875,20
PSO,1249,6057.683864540354,284.8872700338773,20
PSO,1250,6057.683864540354,284.8872700338773,20
PSO,1251,6057.683864540354,284.8872700338773,20
PSO,1252,6057.683864540354,284.8872700338773,20
PSO,1253,6057.683864540354,284.8872700338773,20
PSO,1254,6057.683864540354,284.8872700338773,20
PSO,1255,6057.683864540354,284.8872700338773,20
PSO,1256,6057.683864540354,284.8872700338773,20
PSO,1257,6057.683864540354,284.8872700338773,20
PSO,1258,6057.683864540354,284.8872700338773,20
PSO,1259,6057.683864540354,284.8872700338773,20
PSO,1260,6057.683864540354,284.8872700338773,20
PSO,1261,6057.683864540354,284.8872700338773,20
PSO,1262,6057.683864540354,284.8872700338773,20
PSO,1263,6054.157637103551,282.0841584898471,20
PSO,1264,6054.157637103551,282.0841584898471,20
PSO,1265,6054.157637103551,282.0841584898471,20
PSO,1266,6054.157637103551,282.0841584898471,20
PSO,1267,6054.157637103551,282.0841584898471,20
PSO,1268,6054.157637103551,282.0841584898471,20
PSO,1269,6054.157637103551,282.0841584898471,20
PSO,1270,6054.157637103551,282.0841584898471,20
PSO,1271,6054.157637103551,282.0841584898471,20
PSO,1272,6054.157637103551,282.0841584898471,20
PSO,1273,6054.157637103551,282.0841584898471,20
PSO,1274,6054.157637103551,282.0841584898471,20
PSO,1275,6054.157637103551,282.0841584898471,20
PSO,1276,6054.157637103551,282.0841584898471,20
PSO,1277,6054.157637103551,282.0841584898471,20
PSO,1278,6054.157637103551,282.0841584898471,20
PSO,1279,6054.157637103551,282.0841584898471,20
PSO,1280,6054.157637103551,282.0841584898471,20
PSO,1281,6054.157637103551,282.0841584898471,20
PSO,1282,6054.157637103551,282.0841584898471,20
PSO,1283,6054.157637103551,282.0841584898471,20
PSO,1284,6054.157637103551,282.0841584898471,20
PSO,1285,6054.157637103551,282.0841584898471,20
PSO,1286,6054.157637103551,282.0841584898471,20
PSO,1287,6054.157637103551,282.0841584898471,20
PSO,1288,6054.157637103551,282.0841584898471,20
PSO,1289,6054.157637103551,282.0841584898471,20
PSO,1290,6054.157637103551,282.0841584898471,20
PSO,1291,6038.473291615928,257.8281956220036,20
PSO,1292,6038.473291615928,257.8281956220036,20
PSO,1293,6038.473291615928,257.8281956220036,20
PSO,1294,6038.473291615928,257.8281956220036,20
PSO,1295,6038.473291615928,257.8281956220036,20
PSO,1296,6038.473291615928,257.8281956220036,20
PSO,1297,6038.473291615928,257.8281956220036,20
PSO,1298,6038.473291615928,257.8281956220036,20
PSO,1299,6038.473291615928,257.8281956220036,20
PSO,1300,6038.473291615928,257.8281956220036,20
PSO,1301,6038.473291615928,257.8281956220036,20
PSO,1302,6038.473291615928,257.8281956220036,20
PSO,1303,6038.473291615928,257.8281956220036,20
PSO,1304,6038.473291615928,257.8281956220036,20
PSO,1305,6038.473291615928,257.8281956220036,20
PSO,1306,6038.473291615928,257.8281956220036,20
PSO,1307,6038.473291615928,257.8281956220036,20
PSO,1308,6038.473291615928,257.8281956220036,20
PSO,1309,6038.473291615928,257.8281956220036,20
PSO,1310,6038.473291615928,257.8281956220036,20
PSO,1311,6038.473291615928,257.8281956220036,20
PSO,1312,6038.473291615928,257.8281956220036,20
PSO,1313,6038.473291615928,257.8281956220036,20
PSO,1314,6038.473291615928,257.8281956220036,20
PSO,1315,6038.473291615928,257.8281956220036,20
PSO,1316,6038.473291615928,257.8281956220036,20
PSO,1317,6038.473291615928,257.8281956220036,20
PSO,1318,6038.473291615928,257.8281956220036,20
PSO,1319,6038.473291615928,257.8281956220036,20
PSO,1320,6038.473291615928,257.8281956220036,20
PSO,1321,6038.473291615928,257.8281956220036,20
PSO,1322,6038.473291615928,257.8281956220036,20
PSO,1323,6038.473291615928,257.8281956220036,20
PSO,1324,6038.473291615928,257.8281956220036,20
PSO,1325,6038.473291615928,257.8281956220036,20
PSO,1326,6038.473291615928,257.8281956220036,20
PSO,1327,6038.473291615928,257.8281956220036,20
PSO,1328,6038.473291615928,257.8281956220036,20
PSO,1329,6038.473291615928,257.8281956220036,20
PSO,1330,6038.473291615928,257.8281956220036,20
PSO,1331,6038.473291615928,257.8281956220036,20
PSO,1332,6038.473291615928,257.8281956220036,20
PSO,1333,6038.473291615928,257.8281956220036,20
PSO,1334,6038.473291615928,257.8281956220036,20
PSO,1335,6038.473291615928,257.8281956220036,20
PSO,1336,6038.473291615928,257.8281956220036,20
PSO,1337,6038.473291615928,257.8281956220036,20
PSO,1338,6038.473291615928,257.8281956220036,20
PSO,1339,6038.473291615928,257.8281956220036,20
PSO,1340,6038.473291615928,257.8281956220036,20
PSO,1341,6038.473291615928,257.8281956220036,20
PSO,1342,6038.473291615928,257.8281956220036,20
PSO,1343,6038.473291615928,257.8281956220036,20
PSO,1344,6038.473291615928,257.8281956220036,20
PSO,1345,6038.473291615928,257.8281956220036,20
PSO,1346,6038.473291615928,257.8281956220036,20
PSO,1347,6038.473291615928,257.8281956220036,20
PSO,1348,6038.473291615928,257.8281956220036,20
PSO,1349,6038.473291615928,257.8281956220036,20
PSO,1350,6038.473291615928,257.8281956220036,20
PSO,1351,6038.473291615928,257.8281956220036,20
PSO,1352,6038.473291615928,257.8281956220036,20
PSO,1353,6038.473291615928,257.8281956220036,20
PSO,1354,6038.473291615928,257.8281956220036,20
PSO,1355,6038.473291615928,257.8281956220036,20
PSO,1356,6038.473291615928,257.8281956220036,20
PSO,1357,6038.473291615928,257.8281956220036,20
PSO,1358,6038.473291615928,257.8281956220036,20
PSO,1359,6038.473291615928,257.8281956220036,20
PSO,1360,6038.473291615928,257.8281956220036,20
PSO,1361,6038.473291615928,257.8281956220036,20
PSO,1362,6038.473291615928,257.8281956220036,20
PSO,1363,6038.473291615928,257.8281956220036,20
PSO,1364,6038.473291615928,257.8281956220036,20
PSO,1365,6038.473291615928,257.8281956220036,20
PSO,1366,6038.473291615928,257.8281956220036,20
PSO,1367,6038.473291615928,257.8281956220036,20
PSO,1368,6038.473291615928,257.8281956220036,20
PSO,1369,6038.473291615928,257.8281956220036,20
PSO,1370,6038.473291615928,257.8281956220036,20
PSO,1371,6038.473291615928,257.8281956220036,20
PSO,1372,6038.473291615928,257.8281956220036,20
PSO,1373,6038.473291615928,257.8281956220036,20
PSO,1374,6038.473291615928,257.8281956220036,20
PSO,1375,6038.473291615928,257.8281956220036,20
PSO,1376,6038.473291615928,257.8281956220036,20
PSO,1377,6038.473291615928,257.8281956220036,20
PSO,1378,6038.473291615928,257.8281956220036,20
PSO,1379,6038.392539751831,257.8393312914169,20
PSO,1380,6038.392539751831,257.8393312914169,20
PSO,1381,6038.392539751831,257.8393312914169,20
PSO,1382,6038.392539751831,257.8393312914169,20
PSO,1383,6038.392539751831,257.8393312914169,20
PSO,1384,6038.392539751831,257.8393312914169,20
PSO,1385,6038.392539751831,257.8393312914169,20
PSO,1386,6038.392539751831,257.8393312914169,20
PSO,1387,6038.392539751831,257.8393312914169,20
PSO,1388,6035.991803839933,257.4714088596105,20
PSO,1389,6035.991803839933,257.4714088596105,20
PSO,1390,6035.991803839933,257.4714088596105,20
PSO,1391,6035.991803839933,257.4714088596105,20
PSO,1392,6035.991803839933,257.4714088596105,20
PSO,1393,6035.991803839933,257.4714088596105,20
PSO,1394,6035.991803839933,257.4714088596105,20
PSO,1395,6035.991803839933,257.4714088596105,20
PSO,1396,6035.991803839933,257.4714088596105,20
PSO,1397,6035.991803839933,257.4714088596105,20
PSO,1398,6035.991803839933,257.4714088596105,20
PSO,1399,6035.991803839933,257.4714088596105,20
PSO,1400,6035.991803839933,257.4714088596105,20
PSO,1401,6035.991803839933,257.4714088596105,20
PSO,1402,6035.991803839933,257.4714088596105,20
PSO,1403,6035.895228629352,257.4955042517024,20
PSO,1404,6035.895228629352,257.4955042517024,20
PSO,1405,6035.895228629352,257.4955042517024,20
PSO,1406,6035.895228629352,257.4955042517024,20
PSO,1407,6035.895228629352,257.4955042517024,20
PSO,1408,6035.895228629352,257.4955042517024,20
PSO,1409,6035.895228629352,257.4955042517024,20
PSO,1410,6035.895228629352,257.4955042517024,20
PSO,1411,6035.895228629352,257.4955042517024,20
PSO,1412,6035.895228629352,257.4955042517024,20
PSO,1413,6035.895228629352,257.4955042517024,20
PSO,1414,6035.895228629352,257.4955042517024,20
PSO,1415,6035.895228629352,257.4955042517024,20
PSO,1416,6035.895228629352,257.4955042517024,20
PSO,1417,6035.895228629352,257.4955042517024,20
PSO,1418,6035.895228629352,257.4955042517024,20
PSO,1419,6035.895228629352,257.4955042517024,20
PSO,1420,6035.895228629352,257.4955042517024,20
PSO,1421,6035.895228629352,257.4955042517024,20
PSO,1422,6035.895228629352,257.4955042517024,20
PSO,1423,6035.895228629352,257.4955042517024,20
PSO,1424,6035.895228629352,257.4955042517024,20
PSO,1425,6035.895228629352,257.4955042517024,20
PSO,1426,6035.895228629352,257.4955042517024,20
PSO,1427,6032.8046499856255,258.270175266208,20
PSO,1428,6032.8046499856255,258.270175266208,20
PSO,1429,6032.8046499856255,258.270175266208,20
PSO,1430,6032.8046499856255,258.270175266208,20
PSO,1431,6032.8046499856255,258.270175266208,20
PSO,1432,6032.8046499856255,258.270175266208,20
PSO,1433,6032.8046499856255,258.270175266208,20
PSO,1434,6032.8046499856255,258.270175266208,20
PSO,1435,6032.8046499856255,258.270175266208,20
PSO,1436,6032.8046499856255,258.270175266208,20
PSO,1437,6032.8046499856255,258.270175266208,20
PSO,1438,6032.8046499856255,258.270175266208,20
PSO,1439,6032.8046499856255,258.270175266208,20
PSO,1440,6032.8046499856255,258.270175266208,20
PSO,1441,6032.8046499856255,258.270175266208,20
PSO,1442,6032.8046499856255,258.270175266208,20
PSO,1443,6032.8046499856255,258.270175266208,20
PSO,1444,6032.8046499856255,258.270175266208,20
PSO,1445,6032.8046499856255,258.270175266208,20
PSO,1446,6032.8046499856255,258.270175266208,20
PSO,1447,6032.8046499856255,258.270175266208,20
PSO,1448,6032.8046499856255,258.270175266208,20
PSO,1449,6032.8046499856255,258.270175266208,20
PSO,1450,6032.8046499856255,258.270175266208,20
PSO,1451,6032.8046499856255,258.270175266208,20
PSO,1452,6032.8046499856255,258.270175266208,20
PSO,1453,6032.8046499856255,258.270175266208,20
PSO,1454,6032.8046499856255,258.270175266208,20
PSO,1455,6032.8046499856255,258.270175266208,20
PSO,1456,6032.8046499856255,258.270175266208,20
PSO,1457,6032.8046499856255,258.270175266208,20
PSO,1458,6032.8046499856255,258.270175266208,20
PSO,1459,6032.8046499856255,258.270175266208,20
PSO,1460,6032.8046499856255,258.270175266208,20
PSO,1461,6032.8046499856255,258.270175266208,20
PSO,1462,6032.8046499856255,258.270175266208,20
PSO,1463,6032.8046499856255,258.270175266208,20
PSO,1464,6032.8046499856255,258.270175266208,20
PSO,1465,6032.8046499856255,258.270175266208,20
PSO,1466,6032.8046499856255,258.270175266208,20
PSO,1467,6032.8046499856255,258.270175266208,20
PSO,1468,6032.8046499856255,258.270175266208,20
PSO,1469,6032.8046499856255,258.270175266208,20
PSO,1470,6032.8046499856255,258.270175266208,20
PSO,1471,6032.8046499856255,258.270175266208,20
PSO,1472,6032.8046499856255,258.270175266208,20
PSO,1473,6032.8046499856255,258.270175266208,20
PSO,1474,6032.759828418321,258.286833997896,20
PSO,1475,6031.344429791682,258.1917137860357,20
PSO,1476,6031.344429791682,258.1917137860357,20
PSO,1477,6031.344429791682,258.1917137860357,20
PSO,1478,6031.344429791682,258.1917137860357,20
PSO,1479,6031.344429791682,258.1917137860357,20
PSO,1480,6031.344429791682,258.1917137860357,20
PSO,1481,6031.344429791682,258.1917137860357,20
PSO,1482,6031.344429791682,258.1917137860357,20
PSO,1483,6031.344429791682,258.1917137860357,20
PSO,1484,6031.344429791682,258.1917137860357,20
PSO,1485,6031.344429791682,258.1917137860357,20
PSO,1486,6031.344429791682,258.1917137860357,20
PSO,1487,6031.344429791682,258.1917137860357,20
PSO,1488,6031.344429791682,258.1917137860357,20
PSO,1489,6031.344429791682,258.1917137860357,20
PSO,1490,6030.8392721411965,257.7315712587743,20
PSO,1491,6030.8392721411965,257.7315712587743,20
PSO,1492,6030.8392721411965,257.7315712587743,20
PSO,1493,6030.8392721411965,257.7315712587743,20
PSO,1494,6030.8392721411965,257.7315712587743,20
PSO,1495,6030.8392721411965,257.7315712587743,20
PSO,1496,6030.8392721411965,257.7315712587743,20
PSO,1497,6030.8392721411965,257.7315712587743,20
PSO,1498,6030.8392721411965,257.7315712587743,20
PSO,1499,6030.8392721411965,257.7315712587743,20
PSO,1500,6030.8392721411965,257.7315712587743,20
